Time,InitRow,InitColumn,TotalSites,DamagedSites,CohortsKilled,MeanSeverity,
5, 116, 1154, 7, 6, 12, 3, 
5, 119, 1093, 30, 30, 40, 3, 
5, 181, 1316, 23, 23, 218, 5, 
5, 225, 904, 15, 0, 0, 0, 
5, 238, 1021, 5, 0, 0, 0, 
5, 241, 1329, 4, 1, 1, 1, 
5, 257, 1315, 39, 0, 0, 0, 
5, 290, 1240, 6, 4, 8, 3, 
5, 298, 912, 18, 6, 1, 1, 
5, 298, 993, 4, 0, 0, 0, 
5, 305, 1148, 23, 0, 0, 0, 
5, 359, 1085, 15, 0, 0, 0, 
5, 371, 1569, 31, 30, 16, 2, 
5, 396, 833, 30, 30, 221, 4, 
5, 400, 1160, 17, 1, 3, 3, 
5, 407, 1294, 22, 0, 0, 0, 
5, 410, 1590, 6, 6, 34, 4, 
5, 447, 1714, 5, 4, 2, 2, 
5, 468, 1173, 4, 0, 0, 0, 
5, 480, 1433, 25, 25, 345, 5, 
5, 483, 1765, 16, 7, 2, 2, 
5, 488, 1271, 3, 0, 0, 0, 
5, 494, 762, 37, 32, 10, 2, 
5, 505, 1788, 40, 0, 0, 0, 
5, 517, 1088, 3, 0, 0, 0, 
5, 521, 1033, 2, 0, 0, 0, 
5, 530, 1506, 73, 68, 12, 1, 
5, 540, 1346, 0, 0, 0, 0, 
5, 560, 1712, 3, 0, 0, 0, 
5, 563, 1142, 15, 10, 4, 3, 
5, 568, 1129, 4, 1, 1, 2, 
5, 586, 774, 8, 0, 0, 0, 
5, 587, 1804, 24, 23, 174, 4, 
5, 598, 601, 6, 1, 9, 3, 
5, 605, 1133, 39, 0, 0, 0, 
5, 608, 1485, 5, 0, 0, 0, 
5, 623, 1372, 16, 16, 102, 4, 
5, 625, 1691, 1, 0, 0, 0, 
5, 644, 1479, 1, 0, 0, 0, 
5, 645, 772, 5, 0, 0, 0, 
5, 645, 1526, 1, 0, 0, 0, 
5, 655, 563, 14, 2, 1, 1, 
5, 675, 1245, 4, 4, 2, 1, 
5, 677, 1686, 1, 0, 0, 0, 
5, 685, 804, 38, 30, 29, 2, 
5, 686, 1278, 17, 12, 3, 1.92, 
5, 694, 1238, 15, 13, 6, 1.54, 
5, 727, 467, 3, 3, 3, 3, 
5, 732, 363, 34, 33, 216, 4, 
5, 755, 1215, 0, 0, 0, 0, 
5, 756, 1344, 3, 0, 0, 0, 
5, 768, 786, 11, 0, 0, 0, 
5, 771, 1022, 10, 9, 13, 3, 
5, 773, 1409, 27, 0, 0, 0, 
5, 774, 1617, 21, 21, 255, 5, 
5, 777, 1059, 0, 0, 0, 0, 
5, 784, 890, 28, 0, 0, 0, 
5, 785, 1029, 25, 25, 8, 2.88, 
5, 791, 1416, 18, 0, 0, 0, 
5, 792, 349, 36, 29, 3, 1, 
5, 793, 883, 1, 0, 0, 0, 
5, 804, 387, 55, 55, 31, 3, 
5, 806, 760, 4, 0, 0, 0, 
5, 809, 1031, 40, 20, 5, 1, 
5, 812, 1359, 3, 1, 3, 3, 
5, 820, 477, 19, 17, 3, 1, 
5, 824, 448, 0, 0, 0, 0, 
5, 826, 326, 0, 0, 0, 0, 
5, 829, 666, 1, 1, 8, 5, 
5, 830, 789, 0, 0, 0, 0, 
5, 830, 1543, 5, 2, 4, 2, 
5, 831, 970, 22, 0, 0, 0, 
5, 840, 1180, 31, 30, 11, 2, 
5, 841, 1771, 9, 0, 0, 0, 
5, 846, 1012, 15, 14, 77, 4, 
5, 849, 1538, 8, 0, 0, 0, 
5, 851, 1633, 7, 2, 1, 1, 
5, 861, 1031, 2, 0, 0, 0, 
5, 867, 387, 23, 23, 137, 4, 
5, 868, 1202, 7, 6, 6, 2.5, 
5, 875, 895, 11, 0, 0, 0, 
5, 889, 984, 31, 0, 0, 0, 
5, 892, 1691, 0, 0, 0, 0, 
5, 893, 1841, 26, 0, 0, 0, 
5, 897, 899, 15, 5, 5, 1.6, 
5, 909, 1049, 6, 0, 0, 0, 
5, 910, 1662, 26, 25, 19, 2, 
5, 913, 1715, 5, 2, 5, 2, 
5, 915, 1485, 3, 0, 0, 0, 
5, 923, 1440, 2, 1, 2, 1, 
5, 924, 1233, 3, 0, 0, 0, 
5, 925, 1382, 44, 0, 0, 0, 
5, 933, 1105, 11, 0, 0, 0, 
5, 943, 930, 3, 0, 0, 0, 
5, 953, 1465, 3, 0, 0, 0, 
5, 956, 1432, 17, 0, 0, 0, 
5, 966, 444, 24, 24, 21, 3, 
5, 976, 723, 23, 23, 249, 5, 
5, 978, 1672, 13, 13, 8, 1, 
5, 983, 1420, 10, 0, 0, 0, 
5, 988, 1362, 9, 0, 0, 0, 
5, 994, 298, 30, 0, 0, 0, 
5, 1001, 302, 23, 0, 0, 0, 
5, 1001, 408, 39, 38, 35, 3, 
5, 1007, 233, 4, 0, 0, 0, 
5, 1007, 660, 2, 0, 0, 0, 
5, 1013, 773, 9, 4, 1, 1, 
5, 1033, 444, 7, 5, 1, 3, 
5, 1037, 1130, 0, 0, 0, 0, 
5, 1045, 219, 19, 4, 2, 4, 
5, 1050, 1495, 2, 0, 0, 0, 
5, 1051, 1134, 73, 69, 44, 3, 
5, 1051, 1371, 28, 16, 4, 2, 
5, 1055, 638, 15, 12, 7, 2, 
5, 1059, 820, 20, 20, 2, 2, 
5, 1069, 1342, 15, 0, 0, 0, 
5, 1095, 1426, 0, 0, 0, 0, 
5, 1097, 1427, 5, 1, 2, 3, 
5, 1106, 792, 19, 0, 0, 0, 
5, 1112, 684, 7, 7, 7, 2, 
5, 1113, 1343, 36, 36, 424, 5, 
5, 1118, 277, 15, 3, 3, 2, 
5, 1119, 596, 19, 17, 15, 3, 
5, 1129, 1708, 2, 0, 0, 0, 
5, 1147, 1302, 7, 0, 0, 0, 
5, 1152, 687, 8, 7, 2, 2, 
5, 1160, 986, 0, 0, 0, 0, 
5, 1183, 477, 7, 6, 1, 2, 
5, 1184, 220, 0, 0, 0, 0, 
5, 1187, 990, 3, 3, 3, 3, 
5, 1198, 904, 14, 0, 0, 0, 
5, 1205, 1461, 7, 0, 0, 0, 
5, 1214, 1312, 25, 22, 20, 3, 
5, 1215, 350, 8, 0, 0, 0, 
5, 1219, 1671, 2, 0, 0, 0, 
5, 1234, 368, 8, 0, 0, 0, 
5, 1237, 1728, 2, 2, 3, 2, 
5, 1242, 264, 5, 5, 70, 5, 
5, 1243, 1775, 1, 0, 0, 0, 
5, 1247, 843, 24, 17, 3, 1, 
5, 1250, 1532, 5, 0, 0, 0, 
5, 1253, 995, 10, 0, 0, 0, 
5, 1263, 267, 17, 17, 32, 3, 
5, 1266, 453, 39, 39, 58, 3, 
5, 1271, 1674, 9, 9, 117, 5, 
5, 1274, 264, 3, 0, 0, 0, 
5, 1285, 383, 21, 0, 0, 0, 
5, 1296, 360, 1, 1, 9, 4, 
5, 1302, 608, 1, 0, 0, 0, 
5, 1311, 1178, 4, 4, 1, 1, 
5, 1317, 1559, 53, 0, 0, 0, 
5, 1325, 888, 10, 10, 144, 5, 
5, 1326, 148, 24, 21, 34, 3, 
5, 1327, 1118, 15, 0, 0, 0, 
5, 1343, 1358, 17, 0, 0, 0, 
5, 1352, 304, 26, 0, 0, 0, 
5, 1368, 1134, 15, 15, 11, 2.6, 
5, 1374, 267, 36, 30, 16, 2, 
5, 1388, 839, 36, 0, 0, 0, 
5, 1398, 696, 11, 0, 0, 0, 
5, 1405, 1463, 20, 18, 1, 1, 
5, 1407, 985, 7, 7, 8, 3, 
5, 1409, 1020, 13, 0, 0, 0, 
5, 1412, 861, 10, 8, 2, 1, 
5, 1413, 1251, 13, 0, 0, 0, 
5, 1429, 831, 9, 7, 2, 2, 
5, 1432, 883, 15, 0, 0, 0, 
5, 1433, 1549, 6, 0, 0, 0, 
5, 1461, 979, 10, 4, 1, 1, 
5, 1465, 1070, 4, 3, 1, 2, 
5, 1482, 1034, 16, 0, 0, 0, 
5, 1483, 202, 5, 0, 0, 0, 
5, 1487, 175, 7, 0, 0, 0, 
5, 1501, 405, 22, 0, 0, 0, 
5, 1503, 260, 21, 21, 235, 4, 
5, 1503, 379, 4, 3, 1, 1, 
5, 1519, 1308, 27, 27, 184, 4, 
5, 1521, 937, 45, 0, 0, 0, 
5, 1528, 485, 21, 0, 0, 0, 
5, 1547, 433, 18, 7, 5, 1.43, 
5, 1583, 916, 1, 1, 4, 5, 
5, 1585, 258, 1, 0, 0, 0, 
5, 1587, 321, 0, 0, 0, 0, 
5, 1591, 376, 13, 4, 2, 1, 
5, 1593, 766, 2, 2, 22, 4, 
5, 1612, 837, 94, 0, 0, 0, 
5, 1626, 642, 11, 5, 3, 1, 
5, 1671, 136, 3, 0, 0, 0, 
5, 1694, 48, 4, 4, 1, 2, 
5, 1695, 377, 10, 1, 1, 1, 
5, 1697, 319, 21, 0, 0, 0, 
5, 1698, 392, 0, 0, 0, 0, 
5, 1702, 219, 2, 0, 0, 0, 
5, 1702, 891, 64, 38, 14, 1, 
5, 1705, 176, 0, 0, 0, 0, 
5, 1711, 661, 2, 0, 0, 0, 
5, 1726, 479, 13, 0, 0, 0, 
5, 1816, 121, 45, 0, 0, 0, 
5, 1818, 173, 2, 2, 26, 4, 
5, 1829, 157, 23, 0, 0, 0, 
5, 1833, 450, 24, 0, 0, 0, 
5, 1839, 134, 49, 46, 52, 3, 
5, 1840, 417, 17, 13, 5, 2, 
5, 1854, 757, 17, 0, 0, 0, 
5, 1855, 282, 36, 0, 0, 0, 
5, 1856, 232, 17, 17, 2, 1, 
5, 1873, 548, 10, 10, 92, 4, 
5, 1881, 161, 21, 15, 5, 2, 
5, 1901, 422, 60, 0, 0, 0, 
5, 1903, 372, 27, 27, 340, 5, 
10, 111, 1042, 4, 0, 0, 0, 
10, 154, 1101, 19, 0, 0, 0, 
10, 156, 1186, 28, 24, 16, 1.92, 
10, 159, 952, 27, 25, 5, 1, 
10, 208, 1063, 12, 10, 7, 2, 
10, 211, 933, 7, 0, 0, 0, 
10, 220, 1329, 95, 95, 132, 3, 
10, 238, 1122, 35, 34, 247, 4, 
10, 281, 1238, 6, 3, 2, 1, 
10, 297, 1400, 5, 4, 7, 3, 
10, 309, 1031, 56, 56, 470, 4, 
10, 310, 1209, 81, 79, 41, 2, 
10, 313, 936, 8, 0, 0, 0, 
10, 323, 1210, 17, 14, 26, 2, 
10, 328, 1510, 19, 0, 0, 0, 
10, 343, 1190, 25, 25, 9, 3, 
10, 359, 1200, 2, 0, 0, 0, 
10, 368, 1200, 7, 0, 0, 0, 
10, 377, 1496, 2, 1, 3, 1, 
10, 392, 1117, 6, 5, 1, 1, 
10, 426, 1176, 17, 17, 126, 4, 
10, 459, 1486, 14, 14, 13, 2, 
10, 471, 1344, 47, 0, 0, 0, 
10, 487, 960, 4, 0, 0, 0, 
10, 497, 1285, 27, 22, 7, 1.68, 
10, 509, 983, 3, 3, 6, 3, 
10, 513, 781, 7, 5, 5, 1, 
10, 522, 948, 0, 0, 0, 0, 
10, 522, 1172, 18, 0, 0, 0, 
10, 524, 1480, 13, 13, 1, 1, 
10, 530, 1073, 29, 0, 0, 0, 
10, 536, 1322, 12, 8, 6, 2, 
10, 557, 1009, 1, 0, 0, 0, 
10, 558, 1412, 64, 59, 26, 2, 
10, 563, 1071, 10, 10, 10, 3, 
10, 583, 1062, 10, 0, 0, 0, 
10, 587, 1028, 13, 0, 0, 0, 
10, 589, 755, 24, 24, 3, 1.38, 
10, 593, 1248, 7, 0, 0, 0, 
10, 595, 997, 33, 31, 10, 2, 
10, 622, 1233, 57, 57, 848, 5, 
10, 628, 1119, 1, 0, 0, 0, 
10, 655, 504, 19, 14, 3, 2, 
10, 657, 1726, 35, 30, 45, 3, 
10, 660, 1591, 28, 28, 375, 5, 
10, 667, 1048, 1, 0, 0, 0, 
10, 694, 1739, 6, 0, 0, 0, 
10, 701, 1647, 25, 0, 0, 0, 
10, 702, 961, 10, 10, 10, 3, 
10, 728, 1550, 2, 0, 0, 0, 
10, 732, 1599, 1, 0, 0, 0, 
10, 738, 1541, 25, 0, 0, 0, 
10, 742, 1405, 7, 0, 0, 0, 
10, 749, 1538, 29, 22, 14, 1, 
10, 759, 1435, 4, 2, 2, 2, 
10, 760, 499, 4, 1, 1, 1, 
10, 764, 802, 4, 1, 1, 3, 
10, 773, 412, 4, 4, 5, 3, 
10, 780, 1674, 0, 0, 0, 0, 
10, 789, 808, 1, 1, 3, 3, 
10, 792, 1757, 1, 0, 0, 0, 
10, 805, 1645, 32, 31, 236, 4, 
10, 809, 1789, 11, 0, 0, 0, 
10, 817, 1371, 25, 0, 0, 0, 
10, 831, 931, 38, 36, 11, 1, 
10, 862, 1486, 43, 43, 9, 1, 
10, 868, 1791, 18, 0, 0, 0, 
10, 870, 1161, 2, 0, 0, 0, 
10, 876, 916, 6, 0, 0, 0, 
10, 882, 313, 8, 2, 2, 3, 
10, 884, 460, 48, 0, 0, 0, 
10, 885, 965, 3, 0, 0, 0, 
10, 886, 1574, 15, 13, 8, 1, 
10, 887, 637, 3, 0, 0, 0, 
10, 920, 823, 70, 68, 70, 3, 
10, 922, 1668, 15, 15, 247, 5, 
10, 924, 1399, 30, 0, 0, 0, 
10, 926, 596, 28, 28, 147, 4, 
10, 926, 1381, 8, 7, 10, 3, 
10, 929, 704, 23, 0, 0, 0, 
10, 929, 1513, 18, 16, 6, 1.25, 
10, 933, 937, 61, 0, 0, 0, 
10, 945, 363, 28, 0, 0, 0, 
10, 965, 1014, 24, 13, 9, 2, 
10, 966, 1352, 35, 28, 43, 3, 
10, 967, 443, 13, 0, 0, 0, 
10, 975, 1669, 1, 1, 1, 1, 
10, 1009, 655, 2, 0, 0, 0, 
10, 1025, 491, 3, 0, 0, 0, 
10, 1029, 1649, 62, 0, 0, 0, 
10, 1031, 1406, 0, 0, 0, 0, 
10, 1044, 1118, 25, 0, 0, 0, 
10, 1048, 1300, 1, 0, 0, 0, 
10, 1050, 304, 8, 8, 4, 2, 
10, 1057, 689, 3, 0, 0, 0, 
10, 1058, 719, 79, 79, 47, 1.86, 
10, 1061, 1252, 26, 25, 70, 3, 
10, 1064, 432, 38, 19, 2, 1, 
10, 1068, 460, 0, 0, 0, 0, 
10, 1069, 620, 0, 0, 0, 0, 
10, 1069, 1473, 26, 0, 0, 0, 
10, 1069, 1734, 28, 21, 20, 3, 
10, 1076, 1240, 2, 0, 0, 0, 
10, 1083, 1428, 21, 20, 152, 4, 
10, 1086, 1762, 22, 22, 250, 5, 
10, 1087, 1184, 5, 0, 0, 0, 
10, 1088, 1211, 6, 0, 0, 0, 
10, 1093, 642, 8, 8, 2, 1, 
10, 1099, 1353, 18, 15, 8, 1, 
10, 1099, 1502, 12, 9, 6, 2, 
10, 1106, 678, 1, 0, 0, 0, 
10, 1107, 1142, 12, 0, 0, 0, 
10, 1118, 1728, 43, 0, 0, 0, 
10, 1121, 793, 13, 0, 0, 0, 
10, 1125, 390, 5, 0, 0, 0, 
10, 1133, 693, 1, 0, 0, 0, 
10, 1144, 1239, 5, 0, 0, 0, 
10, 1145, 1787, 17, 1, 1, 3, 
10, 1146, 1121, 18, 17, 4, 2, 
10, 1156, 1205, 20, 20, 46, 3, 
10, 1168, 1600, 19, 6, 4, 2, 
10, 1177, 711, 1, 0, 0, 0, 
10, 1186, 1201, 3, 1, 8, 2, 
10, 1188, 1410, 10, 0, 0, 0, 
10, 1193, 450, 16, 0, 0, 0, 
10, 1214, 1703, 7, 7, 97, 5, 
10, 1219, 943, 16, 2, 3, 1, 
10, 1220, 597, 18, 12, 5, 1, 
10, 1220, 1538, 5, 0, 0, 0, 
10, 1221, 452, 7, 0, 0, 0, 
10, 1221, 596, 8, 0, 0, 0, 
10, 1223, 140, 40, 37, 193, 4, 
10, 1229, 1215, 6, 0, 0, 0, 
10, 1231, 1235, 2, 0, 0, 0, 
10, 1234, 1702, 10, 0, 0, 0, 
10, 1235, 1666, 6, 0, 0, 0, 
10, 1249, 280, 5, 0, 0, 0, 
10, 1254, 1041, 8, 8, 1, 2, 
10, 1258, 279, 14, 5, 1, 1, 
10, 1258, 1239, 37, 37, 339, 4, 
10, 1261, 612, 28, 12, 70, 4, 
10, 1265, 800, 6, 0, 0, 0, 
10, 1267, 503, 24, 0, 0, 0, 
10, 1272, 294, 3, 2, 2, 2, 
10, 1281, 268, 5, 5, 15, 3, 
10, 1281, 1194, 11, 11, 10, 3, 
10, 1283, 152, 57, 48, 6, 1, 
10, 1285, 893, 8, 7, 33, 4, 
10, 1294, 962, 11, 0, 0, 0, 
10, 1294, 1138, 43, 43, 36, 3, 
10, 1297, 337, 27, 16, 3, 1, 
10, 1300, 1424, 30, 0, 0, 0, 
10, 1302, 258, 20, 0, 0, 0, 
10, 1316, 376, 2, 0, 0, 0, 
10, 1316, 421, 7, 6, 1, 2, 
10, 1320, 1316, 4, 0, 0, 0, 
10, 1330, 537, 14, 12, 14, 2, 
10, 1333, 259, 15, 0, 0, 0, 
10, 1333, 446, 3, 0, 0, 0, 
10, 1339, 398, 0, 0, 0, 0, 
10, 1343, 1622, 4, 0, 0, 0, 
10, 1349, 1274, 4, 0, 0, 0, 
10, 1350, 1595, 2, 0, 0, 0, 
10, 1351, 1169, 6, 4, 2, 2, 
10, 1354, 1288, 5, 0, 0, 0, 
10, 1357, 1434, 6, 6, 54, 4, 
10, 1362, 568, 0, 0, 0, 0, 
10, 1364, 503, 10, 10, 122, 5, 
10, 1377, 1068, 2, 0, 0, 0, 
10, 1378, 407, 33, 31, 47, 3, 
10, 1388, 646, 17, 0, 0, 0, 
10, 1389, 942, 18, 16, 30, 2.88, 
10, 1399, 687, 8, 6, 12, 3, 
10, 1401, 363, 63, 63, 81, 3, 
10, 1407, 1532, 2, 0, 0, 0, 
10, 1410, 1566, 34, 0, 0, 0, 
10, 1431, 1497, 17, 15, 2, 1, 
10, 1441, 480, 8, 0, 0, 0, 
10, 1444, 491, 23, 22, 19, 1.95, 
10, 1444, 704, 3, 3, 1, 1, 
10, 1444, 972, 19, 0, 0, 0, 
10, 1448, 489, 15, 15, 113, 4, 
10, 1449, 467, 18, 13, 1, 1, 
10, 1453, 197, 3, 3, 1, 3, 
10, 1454, 1083, 13, 4, 5, 2, 
10, 1455, 831, 8, 0, 0, 0, 
10, 1459, 904, 41, 0, 0, 0, 
10, 1467, 699, 1, 0, 0, 0, 
10, 1477, 1216, 43, 38, 13, 2, 
10, 1479, 359, 9, 6, 4, 2, 
10, 1481, 307, 6, 3, 9, 3, 
10, 1507, 1322, 4, 0, 0, 0, 
10, 1520, 1477, 3, 0, 0, 0, 
10, 1522, 305, 2, 0, 0, 0, 
10, 1537, 213, 27, 0, 0, 0, 
10, 1544, 279, 46, 0, 0, 0, 
10, 1554, 298, 8, 3, 4, 1, 
10, 1557, 404, 1, 0, 0, 0, 
10, 1574, 338, 5, 0, 0, 0, 
10, 1579, 855, 22, 0, 0, 0, 
10, 1592, 222, 8, 0, 0, 0, 
10, 1614, 728, 73, 0, 0, 0, 
10, 1616, 776, 4, 0, 0, 0, 
10, 1617, 450, 2, 0, 0, 0, 
10, 1621, 179, 12, 0, 0, 0, 
10, 1631, 585, 12, 0, 0, 0, 
10, 1634, 451, 7, 0, 0, 0, 
10, 1644, 516, 8, 8, 26, 3, 
10, 1649, 244, 9, 9, 85, 5, 
10, 1649, 664, 2, 0, 0, 0, 
10, 1680, 419, 34, 34, 73, 3, 
10, 1686, 461, 27, 25, 19, 3, 
10, 1689, 208, 9, 0, 0, 0, 
10, 1721, 344, 5, 5, 67, 5, 
10, 1727, 259, 9, 0, 0, 0, 
10, 1740, 894, 14, 0, 0, 0, 
10, 1759, 261, 7, 6, 9, 3, 
10, 1761, 252, 2, 0, 0, 0, 
10, 1776, 914, 16, 10, 11, 3, 
10, 1779, 180, 13, 6, 7, 2, 
10, 1803, 384, 1, 0, 0, 0, 
10, 1804, 390, 42, 41, 76, 3, 
10, 1828, 263, 34, 2, 5, 2, 
10, 1837, 226, 9, 0, 0, 0, 
10, 1844, 416, 48, 0, 0, 0, 
10, 1850, 468, 12, 11, 6, 2, 
10, 1898, 179, 28, 15, 3, 1.87, 
15, 162, 1190, 5, 0, 0, 0, 
15, 195, 1088, 14, 0, 0, 0, 
15, 224, 1168, 6, 0, 0, 0, 
15, 241, 1389, 16, 12, 12, 2, 
15, 253, 1104, 10, 0, 0, 0, 
15, 265, 1063, 10, 10, 2, 2, 
15, 288, 1372, 37, 0, 0, 0, 
15, 299, 1163, 22, 0, 0, 0, 
15, 312, 1301, 6, 0, 0, 0, 
15, 395, 1517, 0, 0, 0, 0, 
15, 410, 1494, 8, 0, 0, 0, 
15, 424, 1440, 5, 1, 3, 2, 
15, 482, 1125, 0, 0, 0, 0, 
15, 487, 1704, 5, 0, 0, 0, 
15, 489, 1641, 27, 0, 0, 0, 
15, 490, 1601, 3, 2, 6, 3, 
15, 508, 1597, 19, 0, 0, 0, 
15, 517, 1782, 2, 0, 0, 0, 
15, 518, 914, 2, 1, 2, 3, 
15, 520, 841, 48, 48, 876, 5, 
15, 530, 832, 10, 10, 4, 1.4, 
15, 537, 1791, 5, 3, 19, 3, 
15, 542, 1064, 10, 8, 41, 3, 
15, 549, 1769, 15, 15, 7, 2, 
15, 561, 1016, 4, 0, 0, 0, 
15, 563, 788, 0, 0, 0, 0, 
15, 574, 1186, 22, 18, 39, 3, 
15, 579, 1419, 18, 0, 0, 0, 
15, 580, 1385, 8, 0, 0, 0, 
15, 586, 1199, 10, 10, 95, 4, 
15, 595, 1561, 3, 0, 0, 0, 
15, 598, 1852, 26, 0, 0, 0, 
15, 601, 1766, 8, 1, 12, 5, 
15, 602, 1172, 2, 2, 16, 4, 
15, 603, 1303, 0, 0, 0, 0, 
15, 617, 1471, 2, 0, 0, 0, 
15, 632, 1761, 3, 3, 3, 2, 
15, 645, 1585, 17, 0, 0, 0, 
15, 647, 804, 1, 0, 0, 0, 
15, 659, 1233, 14, 13, 15, 3, 
15, 659, 1460, 30, 28, 2, 1, 
15, 662, 499, 21, 7, 1, 1, 
15, 667, 798, 25, 19, 5, 1, 
15, 668, 1565, 8, 0, 0, 0, 
15, 693, 577, 15, 15, 7, 1, 
15, 694, 1210, 11, 1, 3, 3, 
15, 712, 933, 46, 46, 859, 5, 
15, 725, 1353, 14, 0, 0, 0, 
15, 725, 1578, 3, 0, 0, 0, 
15, 729, 1563, 3, 0, 0, 0, 
15, 763, 357, 1, 0, 0, 0, 
15, 780, 831, 13, 10, 2, 1, 
15, 794, 863, 6, 6, 2, 1.67, 
15, 797, 1717, 1, 1, 1, 1, 
15, 800, 954, 2, 1, 1, 1, 
15, 802, 791, 3, 0, 0, 0, 
15, 828, 436, 9, 0, 0, 0, 
15, 832, 344, 2, 0, 0, 0, 
15, 832, 1687, 68, 67, 36, 2, 
15, 833, 958, 35, 32, 32, 3, 
15, 835, 1031, 20, 20, 202, 4, 
15, 836, 1773, 66, 0, 0, 0, 
15, 839, 402, 0, 0, 0, 0, 
15, 848, 1045, 3, 0, 0, 0, 
15, 848, 1081, 2, 0, 0, 0, 
15, 852, 1565, 16, 13, 3, 2, 
15, 855, 1863, 16, 0, 0, 0, 
15, 860, 454, 1, 0, 0, 0, 
15, 867, 1201, 2, 0, 0, 0, 
15, 871, 918, 15, 0, 0, 0, 
15, 878, 1168, 0, 0, 0, 0, 
15, 881, 1127, 3, 0, 0, 0, 
15, 891, 1718, 30, 0, 0, 0, 
15, 893, 1525, 42, 0, 0, 0, 
15, 895, 1323, 16, 0, 0, 0, 
15, 896, 1167, 29, 21, 7, 1.86, 
15, 901, 725, 3, 3, 45, 5, 
15, 904, 1215, 6, 5, 6, 3, 
15, 916, 860, 1, 0, 0, 0, 
15, 917, 1481, 1, 0, 0, 0, 
15, 938, 1376, 17, 0, 0, 0, 
15, 940, 654, 11, 0, 0, 0, 
15, 949, 1719, 15, 11, 3, 1, 
15, 955, 955, 12, 0, 0, 0, 
15, 955, 1580, 36, 36, 699, 5, 
15, 967, 372, 28, 0, 0, 0, 
15, 967, 1761, 17, 17, 173, 4, 
15, 971, 1257, 4, 4, 76, 5, 
15, 972, 1263, 4, 0, 0, 0, 
15, 973, 1548, 28, 28, 47, 3, 
15, 974, 687, 0, 0, 0, 0, 
15, 1001, 928, 9, 9, 13, 2.89, 
15, 1008, 1233, 35, 35, 405, 5, 
15, 1008, 1656, 11, 7, 1, 1, 
15, 1011, 1148, 4, 0, 0, 0, 
15, 1013, 410, 15, 13, 14, 2, 
15, 1017, 901, 6, 6, 11, 3, 
15, 1019, 948, 10, 4, 3, 3, 
15, 1030, 640, 2, 0, 0, 0, 
15, 1035, 1460, 41, 22, 1, 1, 
15, 1041, 776, 2, 1, 22, 5, 
15, 1055, 1451, 21, 21, 134, 4, 
15, 1061, 775, 9, 9, 7, 3, 
15, 1062, 1291, 4, 4, 12, 3, 
15, 1066, 556, 18, 14, 5, 2, 
15, 1067, 531, 64, 0, 0, 0, 
15, 1075, 713, 18, 0, 0, 0, 
15, 1076, 798, 7, 0, 0, 0, 
15, 1077, 1026, 25, 25, 4, 1, 
15, 1083, 548, 11, 11, 26, 3, 
15, 1088, 1376, 41, 0, 0, 0, 
15, 1089, 1425, 11, 8, 5, 1.88, 
15, 1091, 1422, 6, 0, 0, 0, 
15, 1097, 1505, 12, 12, 28, 3, 
15, 1106, 1065, 0, 0, 0, 0, 
15, 1112, 589, 19, 0, 0, 0, 
15, 1113, 955, 38, 0, 0, 0, 
15, 1120, 955, 71, 0, 0, 0, 
15, 1125, 724, 19, 0, 0, 0, 
15, 1127, 739, 18, 0, 0, 0, 
15, 1127, 1355, 10, 6, 5, 2, 
15, 1128, 1547, 47, 47, 860, 5, 
15, 1130, 473, 12, 0, 0, 0, 
15, 1130, 1469, 45, 45, 84, 3, 
15, 1144, 1395, 5, 0, 0, 0, 
15, 1147, 856, 20, 0, 0, 0, 
15, 1149, 1780, 4, 1, 1, 3, 
15, 1151, 1240, 1, 0, 0, 0, 
15, 1152, 1496, 27, 26, 42, 2.96, 
15, 1154, 1109, 18, 17, 16, 3, 
15, 1159, 433, 21, 0, 0, 0, 
15, 1163, 890, 13, 0, 0, 0, 
15, 1165, 1089, 0, 0, 0, 0, 
15, 1165, 1592, 10, 3, 3, 1, 
15, 1167, 1471, 4, 4, 32, 4, 
15, 1170, 531, 1, 0, 0, 0, 
15, 1180, 1676, 8, 0, 0, 0, 
15, 1189, 1279, 26, 14, 8, 2, 
15, 1199, 1442, 1, 0, 0, 0, 
15, 1202, 1233, 10, 0, 0, 0, 
15, 1225, 392, 14, 0, 0, 0, 
15, 1225, 1058, 27, 27, 12, 2, 
15, 1243, 1233, 2, 1, 6, 3, 
15, 1244, 1281, 22, 0, 0, 0, 
15, 1246, 1784, 69, 26, 36, 3, 
15, 1255, 1689, 6, 0, 0, 0, 
15, 1260, 1489, 9, 7, 38, 4, 
15, 1261, 1379, 13, 0, 0, 0, 
15, 1261, 1581, 8, 7, 87, 4, 
15, 1266, 538, 1, 0, 0, 0, 
15, 1269, 767, 0, 0, 0, 0, 
15, 1277, 614, 0, 0, 0, 0, 
15, 1282, 480, 3, 3, 10, 3, 
15, 1283, 375, 20, 17, 4, 2, 
15, 1285, 302, 9, 9, 4, 1, 
15, 1293, 1159, 26, 24, 9, 2, 
15, 1313, 1530, 4, 2, 9, 3, 
15, 1333, 1671, 32, 29, 3, 2, 
15, 1335, 680, 1, 0, 0, 0, 
15, 1338, 1418, 31, 5, 114, 5, 
15, 1354, 951, 16, 0, 0, 0, 
15, 1354, 1124, 8, 0, 0, 0, 
15, 1359, 1022, 1, 0, 0, 0, 
15, 1370, 51, 33, 32, 68, 3, 
15, 1380, 362, 10, 8, 2, 2, 
15, 1381, 1662, 60, 0, 0, 0, 
15, 1384, 1666, 53, 0, 0, 0, 
15, 1395, 553, 44, 26, 31, 3, 
15, 1402, 1377, 13, 6, 123, 5, 
15, 1405, 266, 11, 0, 0, 0, 
15, 1409, 326, 0, 0, 0, 0, 
15, 1409, 1476, 11, 0, 0, 0, 
15, 1410, 285, 5, 2, 2, 3, 
15, 1414, 989, 25, 25, 228, 4, 
15, 1416, 367, 9, 3, 3, 1, 
15, 1419, 94, 10, 10, 4, 2, 
15, 1430, 761, 30, 0, 0, 0, 
15, 1440, 285, 14, 0, 0, 0, 
15, 1461, 1046, 23, 23, 29, 3, 
15, 1462, 435, 16, 0, 0, 0, 
15, 1465, 1560, 11, 9, 8, 2, 
15, 1468, 507, 10, 4, 1, 2, 
15, 1472, 505, 15, 0, 0, 0, 
15, 1490, 926, 70, 70, 1117, 5, 
15, 1494, 192, 11, 0, 0, 0, 
15, 1495, 1100, 44, 13, 28, 3, 
15, 1505, 389, 17, 17, 7, 2, 
15, 1509, 1328, 33, 32, 10, 1.63, 
15, 1510, 544, 10, 8, 1, 1, 
15, 1512, 328, 6, 0, 0, 0, 
15, 1512, 831, 29, 0, 0, 0, 
15, 1522, 893, 13, 1, 7, 4, 
15, 1543, 420, 0, 0, 0, 0, 
15, 1546, 262, 4, 4, 8, 3, 
15, 1546, 379, 14, 12, 8, 2, 
15, 1573, 130, 54, 0, 0, 0, 
15, 1579, 430, 4, 0, 0, 0, 
15, 1587, 88, 3, 0, 0, 0, 
15, 1594, 320, 0, 0, 0, 0, 
15, 1604, 431, 13, 0, 0, 0, 
15, 1606, 613, 1, 1, 3, 3, 
15, 1637, 132, 17, 2, 4, 2, 
15, 1640, 544, 21, 20, 28, 3, 
15, 1644, 409, 17, 10, 2, 1, 
15, 1652, 448, 8, 8, 49, 4, 
15, 1660, 618, 6, 4, 5, 2, 
15, 1671, 128, 14, 14, 114, 4, 
15, 1679, 674, 9, 0, 0, 0, 
15, 1681, 451, 1, 1, 1, 3, 
15, 1701, 339, 37, 0, 0, 0, 
15, 1718, 359, 15, 15, 2, 2, 
15, 1745, 420, 17, 0, 0, 0, 
15, 1749, 545, 16, 15, 10, 1.87, 
15, 1752, 308, 65, 14, 3, 2, 
15, 1766, 589, 3, 0, 0, 0, 
15, 1804, 118, 2, 0, 0, 0, 
15, 1820, 539, 7, 0, 0, 0, 
15, 1921, 250, 24, 0, 0, 0, 
15, 1929, 343, 23, 17, 2, 1, 
20, 98, 1071, 14, 13, 14, 2.92, 
20, 112, 987, 0, 0, 0, 0, 
20, 135, 1150, 3, 0, 0, 0, 
20, 141, 1162, 11, 11, 24, 3, 
20, 158, 1186, 10, 0, 0, 0, 
20, 170, 985, 36, 0, 0, 0, 
20, 188, 961, 26, 20, 1, 1, 
20, 219, 1376, 21, 16, 5, 1.94, 
20, 240, 1111, 0, 0, 0, 0, 
20, 242, 902, 19, 0, 0, 0, 
20, 256, 1363, 33, 32, 93, 3, 
20, 287, 1029, 10, 7, 11, 2, 
20, 307, 1466, 31, 0, 0, 0, 
20, 327, 1486, 35, 34, 35, 2, 
20, 341, 1393, 28, 11, 182, 5, 
20, 341, 1431, 4, 4, 7, 3, 
20, 341, 1492, 12, 11, 2, 1, 
20, 369, 1486, 4, 3, 1, 1, 
20, 392, 1164, 14, 12, 34, 2.83, 
20, 404, 1536, 0, 0, 0, 0, 
20, 419, 1120, 17, 0, 0, 0, 
20, 419, 1587, 6, 0, 0, 0, 
20, 431, 1278, 14, 14, 117, 4, 
20, 434, 1685, 0, 0, 0, 0, 
20, 436, 1224, 17, 0, 0, 0, 
20, 436, 1314, 16, 11, 4, 2, 
20, 436, 1358, 29, 0, 0, 0, 
20, 437, 1343, 15, 15, 38, 3, 
20, 439, 1754, 20, 20, 275, 5, 
20, 442, 1691, 5, 4, 1, 2, 
20, 453, 1404, 12, 0, 0, 0, 
20, 454, 1083, 7, 7, 74, 4, 
20, 467, 937, 34, 2, 1, 1, 
20, 484, 1699, 3, 0, 0, 0, 
20, 501, 1078, 8, 0, 0, 0, 
20, 509, 1363, 2, 0, 0, 0, 
20, 513, 1774, 0, 0, 0, 0, 
20, 515, 1228, 4, 0, 0, 0, 
20, 524, 1371, 31, 0, 0, 0, 
20, 527, 1124, 5, 0, 0, 0, 
20, 528, 1121, 38, 0, 0, 0, 
20, 559, 1351, 33, 30, 14, 2, 
20, 568, 1002, 21, 0, 0, 0, 
20, 573, 828, 2, 0, 0, 0, 
20, 574, 1237, 4, 0, 0, 0, 
20, 574, 1284, 5, 4, 1, 1, 
20, 574, 1314, 48, 43, 2, 1.65, 
20, 576, 905, 8, 0, 0, 0, 
20, 591, 1482, 52, 52, 101, 3, 
20, 594, 1261, 20, 0, 0, 0, 
20, 610, 518, 21, 19, 34, 3, 
20, 612, 1592, 0, 0, 0, 0, 
20, 618, 1420, 44, 43, 25, 2, 
20, 622, 1208, 23, 0, 0, 0, 
20, 638, 1448, 19, 0, 0, 0, 
20, 657, 904, 20, 16, 26, 3, 
20, 663, 1406, 5, 4, 3, 1, 
20, 666, 939, 18, 11, 1, 1, 
20, 687, 1436, 21, 14, 5, 1, 
20, 710, 532, 25, 0, 0, 0, 
20, 719, 1171, 10, 0, 0, 0, 
20, 762, 1665, 68, 0, 0, 0, 
20, 763, 1447, 0, 0, 0, 0, 
20, 776, 1482, 0, 0, 0, 0, 
20, 779, 1672, 36, 36, 803, 5, 
20, 787, 891, 11, 0, 0, 0, 
20, 791, 1106, 16, 0, 0, 0, 
20, 799, 543, 41, 0, 0, 0, 
20, 799, 921, 25, 25, 2, 1, 
20, 804, 906, 10, 9, 20, 3, 
20, 816, 943, 37, 30, 7, 1.97, 
20, 817, 1486, 14, 0, 0, 0, 
20, 820, 1191, 6, 0, 0, 0, 
20, 826, 1750, 7, 0, 0, 0, 
20, 827, 937, 8, 0, 0, 0, 
20, 827, 1283, 16, 0, 0, 0, 
20, 834, 974, 24, 23, 6, 1.74, 
20, 834, 1154, 11, 0, 0, 0, 
20, 836, 1416, 7, 6, 2, 1, 
20, 836, 1547, 7, 0, 0, 0, 
20, 840, 547, 37, 0, 0, 0, 
20, 841, 1027, 11, 0, 0, 0, 
20, 849, 724, 9, 3, 2, 2, 
20, 861, 980, 35, 0, 0, 0, 
20, 864, 622, 1, 0, 0, 0, 
20, 864, 1303, 2, 0, 0, 0, 
20, 872, 468, 4, 0, 0, 0, 
20, 874, 1359, 7, 0, 0, 0, 
20, 875, 1404, 14, 8, 7, 3, 
20, 885, 1349, 0, 0, 0, 0, 
20, 886, 281, 54, 0, 0, 0, 
20, 886, 404, 3, 0, 0, 0, 
20, 895, 948, 16, 15, 69, 4, 
20, 895, 1166, 7, 0, 0, 0, 
20, 901, 1088, 15, 0, 0, 0, 
20, 910, 1600, 40, 40, 794, 5, 
20, 912, 1140, 0, 0, 0, 0, 
20, 925, 1860, 50, 50, 102, 3, 
20, 927, 1792, 24, 18, 17, 1.83, 
20, 930, 1659, 8, 8, 91, 4, 
20, 931, 1228, 1, 0, 0, 0, 
20, 936, 1525, 0, 0, 0, 0, 
20, 942, 820, 33, 0, 0, 0, 
20, 949, 1196, 11, 10, 1, 2, 
20, 949, 1442, 14, 14, 112, 4, 
20, 957, 1380, 10, 10, 6, 2, 
20, 958, 1798, 35, 0, 0, 0, 
20, 964, 1561, 12, 10, 26, 3, 
20, 988, 643, 4, 0, 0, 0, 
20, 989, 695, 5, 0, 0, 0, 
20, 998, 290, 7, 0, 0, 0, 
20, 998, 340, 33, 0, 0, 0, 
20, 1001, 1512, 13, 13, 271, 5, 
20, 1003, 1640, 2, 0, 0, 0, 
20, 1007, 1526, 15, 3, 3, 1, 
20, 1019, 1473, 2, 0, 0, 0, 
20, 1028, 859, 13, 0, 0, 0, 
20, 1036, 938, 13, 0, 0, 0, 
20, 1039, 665, 11, 0, 0, 0, 
20, 1042, 1750, 3, 0, 0, 0, 
20, 1050, 1119, 0, 0, 0, 0, 
20, 1054, 852, 24, 0, 0, 0, 
20, 1062, 1326, 42, 41, 15, 3, 
20, 1068, 237, 29, 0, 0, 0, 
20, 1074, 694, 21, 20, 47, 3, 
20, 1079, 1204, 21, 0, 0, 0, 
20, 1088, 572, 14, 0, 0, 0, 
20, 1098, 691, 107, 0, 0, 0, 
20, 1100, 1643, 9, 0, 0, 0, 
20, 1103, 834, 21, 20, 41, 3, 
20, 1104, 318, 32, 26, 2, 1, 
20, 1123, 1587, 26, 0, 0, 0, 
20, 1126, 1620, 30, 28, 37, 3, 
20, 1141, 1752, 8, 8, 6, 3, 
20, 1142, 1216, 15, 0, 0, 0, 
20, 1149, 371, 55, 52, 15, 1.92, 
20, 1154, 851, 7, 0, 0, 0, 
20, 1156, 1565, 10, 0, 0, 0, 
20, 1160, 579, 53, 53, 1004, 5, 
20, 1167, 279, 7, 7, 156, 5, 
20, 1177, 447, 1, 0, 0, 0, 
20, 1198, 1434, 8, 8, 13, 2.75, 
20, 1224, 363, 7, 3, 2, 2.33, 
20, 1224, 433, 16, 0, 0, 0, 
20, 1225, 370, 21, 21, 173, 4, 
20, 1231, 260, 6, 4, 1, 3, 
20, 1234, 183, 9, 3, 38, 4, 
20, 1237, 1019, 4, 0, 0, 0, 
20, 1247, 310, 22, 0, 0, 0, 
20, 1247, 896, 6, 5, 17, 3, 
20, 1252, 1434, 38, 38, 366, 4, 
20, 1255, 907, 6, 0, 0, 0, 
20, 1259, 423, 17, 0, 0, 0, 
20, 1264, 867, 1, 0, 0, 0, 
20, 1267, 410, 4, 4, 30, 4, 
20, 1268, 1699, 2, 0, 0, 0, 
20, 1272, 1699, 16, 16, 15, 3, 
20, 1275, 727, 5, 1, 9, 3, 
20, 1281, 1064, 8, 8, 6, 2, 
20, 1282, 281, 8, 0, 0, 0, 
20, 1283, 598, 16, 16, 18, 2, 
20, 1284, 1029, 0, 0, 0, 0, 
20, 1300, 483, 3, 2, 7, 3, 
20, 1302, 1672, 60, 60, 20, 1, 
20, 1303, 1411, 6, 6, 10, 3, 
20, 1332, 1450, 3, 0, 0, 0, 
20, 1336, 318, 18, 0, 0, 0, 
20, 1337, 1449, 8, 0, 0, 0, 
20, 1338, 1151, 22, 21, 12, 2, 
20, 1343, 688, 26, 0, 0, 0, 
20, 1343, 1481, 39, 37, 13, 1, 
20, 1344, 1471, 6, 0, 0, 0, 
20, 1372, 108, 13, 0, 0, 0, 
20, 1378, 883, 0, 0, 0, 0, 
20, 1380, 320, 37, 37, 637, 5, 
20, 1386, 841, 1, 0, 0, 0, 
20, 1387, 554, 3, 3, 4, 2, 
20, 1388, 1318, 8, 0, 0, 0, 
20, 1389, 1502, 2, 0, 0, 0, 
20, 1393, 914, 0, 0, 0, 0, 
20, 1404, 540, 0, 0, 0, 0, 
20, 1419, 339, 27, 0, 0, 0, 
20, 1423, 1304, 14, 0, 0, 0, 
20, 1431, 228, 20, 0, 0, 0, 
20, 1437, 1204, 21, 0, 0, 0, 
20, 1439, 300, 5, 0, 0, 0, 
20, 1445, 339, 4, 4, 11, 3, 
20, 1448, 462, 8, 5, 7, 1.6, 
20, 1448, 776, 26, 0, 0, 0, 
20, 1450, 261, 12, 12, 116, 4, 
20, 1450, 1066, 22, 22, 33, 3, 
20, 1455, 676, 20, 20, 29, 2, 
20, 1456, 403, 11, 11, 7, 2, 
20, 1471, 879, 25, 0, 0, 0, 
20, 1500, 263, 20, 12, 3, 1, 
20, 1502, 263, 1, 1, 3, 3, 
20, 1512, 154, 1, 0, 0, 0, 
20, 1519, 1279, 2, 2, 1, 1, 
20, 1539, 271, 3, 3, 1, 1, 
20, 1546, 623, 6, 0, 0, 0, 
20, 1546, 853, 7, 5, 7, 3, 
20, 1551, 74, 0, 0, 0, 0, 
20, 1566, 84, 0, 0, 0, 0, 
20, 1573, 929, 3, 3, 9, 3, 
20, 1588, 641, 30, 30, 292, 4, 
20, 1609, 535, 1, 0, 0, 0, 
20, 1618, 375, 25, 22, 20, 2, 
20, 1622, 506, 20, 0, 0, 0, 
20, 1637, 797, 4, 0, 0, 0, 
20, 1640, 660, 8, 0, 0, 0, 
20, 1665, 702, 1, 0, 0, 0, 
20, 1686, 578, 25, 24, 6, 1, 
20, 1705, 430, 1, 0, 0, 0, 
20, 1713, 241, 7, 0, 0, 0, 
20, 1716, 641, 19, 19, 321, 5, 
20, 1730, 844, 5, 4, 5, 2, 
20, 1731, 741, 31, 0, 0, 0, 
20, 1740, 387, 24, 0, 0, 0, 
20, 1741, 554, 9, 5, 3, 1.4, 
20, 1746, 803, 0, 0, 0, 0, 
20, 1754, 505, 15, 14, 48, 3, 
20, 1756, 352, 7, 7, 10, 2, 
20, 1763, 420, 43, 0, 0, 0, 
20, 1770, 588, 21, 18, 9, 2, 
20, 1790, 231, 5, 0, 0, 0, 
20, 1800, 133, 32, 14, 1, 2, 
20, 1830, 195, 20, 19, 150, 4, 
20, 1858, 535, 53, 53, 59, 3, 
20, 1868, 428, 9, 0, 0, 0, 
20, 1895, 237, 18, 0, 0, 0, 
20, 1917, 250, 0, 0, 0, 0, 
25, 79, 1113, 15, 13, 10, 2, 
25, 92, 1051, 2, 0, 0, 0, 
25, 159, 938, 15, 15, 66, 3, 
25, 162, 1043, 1, 0, 0, 0, 
25, 221, 1230, 31, 14, 267, 5, 
25, 224, 1348, 15, 15, 32, 3, 
25, 252, 931, 54, 49, 25, 2, 
25, 252, 1415, 13, 13, 163, 4, 
25, 255, 1369, 3, 0, 0, 0, 
25, 270, 1378, 8, 7, 6, 1, 
25, 279, 1349, 5, 0, 0, 0, 
25, 307, 1072, 30, 1, 11, 4, 
25, 312, 1251, 14, 0, 0, 0, 
25, 317, 1327, 11, 11, 26, 3, 
25, 318, 1262, 48, 37, 10, 1, 
25, 329, 1218, 0, 0, 0, 0, 
25, 339, 1506, 0, 0, 0, 0, 
25, 378, 1464, 0, 0, 0, 0, 
25, 401, 1205, 1, 0, 0, 0, 
25, 428, 1205, 6, 6, 13, 3, 
25, 439, 1490, 9, 8, 3, 1, 
25, 443, 1341, 69, 3, 1, 2, 
25, 452, 793, 8, 0, 0, 0, 
25, 457, 932, 13, 11, 6, 2, 
25, 464, 1338, 42, 42, 49, 3, 
25, 464, 1353, 8, 7, 2, 1, 
25, 468, 770, 19, 0, 0, 0, 
25, 473, 1619, 20, 15, 6, 1, 
25, 480, 1467, 16, 0, 0, 0, 
25, 497, 725, 5, 0, 0, 0, 
25, 499, 1576, 9, 8, 45, 4, 
25, 512, 1578, 0, 0, 0, 0, 
25, 519, 1278, 54, 54, 137, 3, 
25, 519, 1411, 0, 0, 0, 0, 
25, 524, 1075, 12, 0, 0, 0, 
25, 525, 1175, 36, 0, 0, 0, 
25, 539, 1186, 0, 0, 0, 0, 
25, 547, 1409, 11, 10, 3, 2, 
25, 549, 1334, 8, 0, 0, 0, 
25, 569, 1005, 17, 0, 0, 0, 
25, 577, 1117, 22, 0, 0, 0, 
25, 595, 1672, 5, 2, 3, 3, 
25, 597, 816, 32, 30, 52, 3, 
25, 616, 1707, 20, 0, 0, 0, 
25, 618, 1042, 69, 66, 23, 1, 
25, 630, 1268, 19, 1, 5, 3, 
25, 632, 1188, 8, 0, 0, 0, 
25, 634, 1007, 12, 12, 140, 4, 
25, 646, 1595, 39, 34, 21, 2, 
25, 656, 1002, 0, 0, 0, 0, 
25, 657, 1708, 30, 0, 0, 0, 
25, 662, 715, 10, 0, 0, 0, 
25, 665, 651, 19, 0, 0, 0, 
25, 679, 418, 2, 0, 0, 0, 
25, 688, 1566, 12, 0, 0, 0, 
25, 690, 1080, 46, 46, 5, 1, 
25, 691, 412, 5, 0, 0, 0, 
25, 695, 1061, 28, 0, 0, 0, 
25, 700, 1075, 34, 34, 78, 3, 
25, 704, 1613, 10, 10, 197, 5, 
25, 723, 1473, 11, 11, 94, 4, 
25, 724, 1633, 9, 0, 0, 0, 
25, 726, 1723, 19, 4, 3, 1, 
25, 736, 1657, 4, 2, 6, 3, 
25, 764, 1022, 5, 5, 40, 4, 
25, 782, 1632, 8, 0, 0, 0, 
25, 809, 1237, 3, 0, 0, 0, 
25, 812, 1660, 8, 7, 20, 3, 
25, 814, 408, 0, 0, 0, 0, 
25, 819, 891, 9, 9, 256, 5, 
25, 819, 1006, 6, 0, 0, 0, 
25, 821, 1823, 23, 0, 0, 0, 
25, 828, 1022, 7, 0, 0, 0, 
25, 856, 992, 9, 3, 1, 1, 
25, 865, 678, 9, 0, 0, 0, 
25, 872, 289, 0, 0, 0, 0, 
25, 874, 521, 6, 5, 18, 4, 
25, 877, 814, 7, 7, 6, 2, 
25, 897, 754, 6, 6, 8, 2, 
25, 900, 1771, 10, 0, 0, 0, 
25, 902, 1803, 50, 48, 13, 1, 
25, 917, 1483, 17, 17, 41, 3, 
25, 918, 1599, 34, 0, 0, 0, 
25, 921, 1325, 47, 47, 420, 4, 
25, 925, 444, 2, 1, 5, 2, 
25, 926, 550, 54, 53, 18, 1, 
25, 927, 1085, 0, 0, 0, 0, 
25, 930, 927, 16, 16, 148, 4, 
25, 930, 1730, 0, 0, 0, 0, 
25, 931, 1538, 3, 0, 0, 0, 
25, 945, 1319, 5, 0, 0, 0, 
25, 951, 1338, 19, 0, 0, 0, 
25, 959, 1837, 3, 0, 0, 0, 
25, 961, 621, 5, 4, 2, 2, 
25, 967, 933, 1, 1, 9, 3, 
25, 976, 242, 13, 0, 0, 0, 
25, 982, 1189, 37, 31, 21, 1, 
25, 982, 1363, 0, 0, 0, 0, 
25, 994, 330, 14, 12, 7, 1.5, 
25, 997, 885, 25, 25, 457, 5, 
25, 1002, 1041, 4, 0, 0, 0, 
25, 1017, 275, 0, 0, 0, 0, 
25, 1020, 1656, 2, 0, 0, 0, 
25, 1032, 1180, 0, 0, 0, 0, 
25, 1033, 1719, 9, 7, 4, 2, 
25, 1040, 819, 3, 3, 34, 4, 
25, 1048, 645, 5, 5, 12, 3, 
25, 1056, 715, 24, 22, 2, 1, 
25, 1059, 958, 3, 0, 0, 0, 
25, 1062, 1781, 93, 0, 0, 0, 
25, 1064, 460, 1, 0, 0, 0, 
25, 1064, 1150, 6, 6, 11, 3, 
25, 1068, 825, 86, 0, 0, 0, 
25, 1072, 1236, 44, 44, 108, 3, 
25, 1077, 909, 9, 0, 0, 0, 
25, 1078, 679, 34, 34, 9, 1, 
25, 1079, 1776, 28, 27, 51, 3, 
25, 1091, 291, 15, 6, 3, 2, 
25, 1102, 381, 3, 1, 6, 4, 
25, 1108, 1765, 31, 29, 10, 1, 
25, 1109, 488, 0, 0, 0, 0, 
25, 1118, 678, 12, 12, 26, 3, 
25, 1130, 502, 24, 0, 0, 0, 
25, 1137, 548, 27, 23, 5, 1, 
25, 1138, 559, 4, 0, 0, 0, 
25, 1154, 656, 4, 0, 0, 0, 
25, 1158, 1544, 28, 13, 8, 2, 
25, 1179, 737, 2, 0, 0, 0, 
25, 1181, 1612, 22, 22, 423, 5, 
25, 1181, 1775, 19, 17, 14, 3, 
25, 1186, 532, 28, 0, 0, 0, 
25, 1190, 510, 5, 0, 0, 0, 
25, 1192, 553, 27, 27, 536, 5, 
25, 1211, 1414, 19, 0, 0, 0, 
25, 1223, 193, 11, 11, 116, 4, 
25, 1224, 424, 12, 11, 37, 3, 
25, 1228, 1013, 29, 22, 16, 1.82, 
25, 1228, 1057, 21, 16, 4, 2, 
25, 1240, 1473, 13, 0, 0, 0, 
25, 1247, 1001, 22, 0, 0, 0, 
25, 1265, 478, 7, 7, 59, 4, 
25, 1270, 1246, 6, 3, 2, 3, 
25, 1271, 414, 0, 0, 0, 0, 
25, 1275, 118, 11, 11, 6, 1, 
25, 1293, 583, 26, 26, 43, 3, 
25, 1295, 958, 10, 0, 0, 0, 
25, 1295, 1160, 14, 0, 0, 0, 
25, 1295, 1616, 15, 0, 0, 0, 
25, 1301, 94, 22, 20, 13, 1.65, 
25, 1301, 626, 3, 0, 0, 0, 
25, 1305, 938, 2, 2, 6, 2, 
25, 1318, 387, 3, 0, 0, 0, 
25, 1322, 544, 10, 10, 17, 1, 
25, 1325, 147, 3, 1, 6, 4, 
25, 1329, 321, 20, 0, 0, 0, 
25, 1339, 1041, 5, 5, 63, 4, 
25, 1342, 535, 3, 0, 0, 0, 
25, 1347, 231, 34, 32, 43, 3, 
25, 1349, 1251, 19, 16, 10, 1, 
25, 1371, 649, 5, 0, 0, 0, 
25, 1372, 527, 30, 25, 31, 2, 
25, 1377, 1135, 15, 0, 0, 0, 
25, 1385, 795, 2, 2, 34, 4, 
25, 1386, 1031, 11, 0, 0, 0, 
25, 1390, 968, 5, 0, 0, 0, 
25, 1406, 862, 30, 0, 0, 0, 
25, 1407, 712, 0, 0, 0, 0, 
25, 1411, 1612, 6, 0, 0, 0, 
25, 1417, 981, 0, 0, 0, 0, 
25, 1422, 981, 7, 0, 0, 0, 
25, 1424, 195, 37, 0, 0, 0, 
25, 1434, 922, 5, 0, 0, 0, 
25, 1438, 620, 16, 0, 0, 0, 
25, 1438, 796, 9, 0, 0, 0, 
25, 1442, 339, 5, 0, 0, 0, 
25, 1442, 1548, 34, 0, 0, 0, 
25, 1444, 1550, 33, 1, 2, 3, 
25, 1449, 613, 1, 1, 4, 3, 
25, 1452, 988, 2, 0, 0, 0, 
25, 1469, 226, 28, 24, 13, 2, 
25, 1472, 923, 11, 11, 16, 3, 
25, 1474, 1106, 53, 48, 21, 1, 
25, 1488, 279, 6, 5, 15, 3, 
25, 1488, 949, 21, 13, 17, 1.92, 
25, 1495, 504, 21, 8, 5, 1, 
25, 1506, 1453, 2, 0, 0, 0, 
25, 1515, 957, 17, 13, 14, 2, 
25, 1523, 1312, 1, 1, 1, 1, 
25, 1542, 547, 2, 2, 32, 5, 
25, 1545, 707, 6, 5, 7, 2, 
25, 1575, 124, 8, 0, 0, 0, 
25, 1600, 411, 3, 0, 0, 0, 
25, 1607, 385, 28, 0, 0, 0, 
25, 1635, 208, 49, 0, 0, 0, 
25, 1665, 321, 4, 4, 66, 5, 
25, 1694, 737, 54, 50, 27, 2, 
25, 1704, 182, 18, 18, 8, 1, 
25, 1713, 404, 1, 0, 0, 0, 
25, 1714, 313, 25, 24, 61, 3, 
25, 1715, 179, 0, 0, 0, 0, 
25, 1739, 849, 5, 0, 0, 0, 
25, 1770, 208, 1, 0, 0, 0, 
25, 1770, 809, 3, 1, 3, 2, 
25, 1771, 391, 9, 7, 27, 3, 
25, 1771, 410, 10, 10, 100, 4, 
25, 1777, 380, 27, 27, 61, 3, 
25, 1814, 509, 2, 0, 0, 0, 
25, 1815, 495, 3, 0, 0, 0, 
25, 1859, 259, 20, 3, 3, 1, 
25, 1862, 528, 27, 19, 5, 1.37, 
25, 1873, 480, 13, 10, 11, 3, 
25, 1897, 470, 43, 43, 362, 4, 
30, 103, 1022, 13, 13, 4, 1, 
30, 200, 1223, 3, 3, 10, 3, 
30, 226, 1015, 4, 2, 1, 1, 
30, 251, 1319, 13, 0, 0, 0, 
30, 270, 1388, 11, 11, 42, 3, 
30, 292, 1355, 6, 4, 2, 2, 
30, 298, 1379, 48, 48, 238, 3, 
30, 311, 1021, 12, 12, 345, 5, 
30, 317, 1412, 3, 0, 0, 0, 
30, 339, 1077, 4, 3, 1, 1, 
30, 373, 1086, 6, 0, 0, 0, 
30, 384, 1654, 1, 1, 1, 1, 
30, 390, 1075, 19, 19, 198, 4, 
30, 392, 1483, 0, 0, 0, 0, 
30, 400, 1427, 1, 1, 3, 3, 
30, 418, 969, 2, 1, 7, 3, 
30, 427, 1641, 5, 0, 0, 0, 
30, 439, 1131, 5, 4, 2, 1, 
30, 448, 1399, 6, 0, 0, 0, 
30, 462, 1211, 2, 2, 53, 5, 
30, 474, 862, 9, 9, 23, 2, 
30, 490, 1521, 6, 0, 0, 0, 
30, 493, 1745, 7, 0, 0, 0, 
30, 499, 1082, 11, 11, 268, 5, 
30, 500, 1296, 55, 0, 0, 0, 
30, 502, 826, 2, 0, 0, 0, 
30, 515, 1111, 35, 0, 0, 0, 
30, 516, 763, 42, 0, 0, 0, 
30, 526, 1471, 26, 26, 30, 2, 
30, 537, 1374, 8, 0, 0, 0, 
30, 541, 1182, 13, 0, 0, 0, 
30, 545, 1625, 8, 0, 0, 0, 
30, 551, 1012, 16, 14, 5, 1, 
30, 564, 1283, 0, 0, 0, 0, 
30, 566, 1201, 14, 14, 294, 5, 
30, 577, 1104, 8, 0, 0, 0, 
30, 591, 843, 3, 0, 0, 0, 
30, 601, 951, 24, 24, 604, 5, 
30, 602, 1298, 9, 9, 4, 1, 
30, 602, 1557, 3, 0, 0, 0, 
30, 615, 1315, 29, 0, 0, 0, 
30, 627, 1797, 35, 32, 13, 2, 
30, 639, 999, 16, 0, 0, 0, 
30, 647, 1194, 13, 0, 0, 0, 
30, 661, 990, 31, 30, 27, 2, 
30, 662, 1477, 0, 0, 0, 0, 
30, 664, 1056, 20, 0, 0, 0, 
30, 674, 1501, 8, 0, 0, 0, 
30, 682, 891, 35, 35, 854, 5, 
30, 692, 495, 51, 50, 146, 3, 
30, 698, 1437, 8, 8, 16, 2.88, 
30, 708, 1309, 2, 0, 0, 0, 
30, 739, 1014, 26, 0, 0, 0, 
30, 744, 1211, 5, 5, 39, 4, 
30, 752, 1270, 4, 4, 1, 1, 
30, 755, 1051, 35, 34, 32, 2, 
30, 755, 1451, 14, 0, 0, 0, 
30, 759, 924, 14, 10, 4, 2, 
30, 771, 1163, 7, 2, 16, 4, 
30, 777, 1513, 4, 4, 3, 1, 
30, 786, 1645, 8, 8, 63, 4, 
30, 789, 976, 16, 0, 0, 0, 
30, 793, 1044, 7, 1, 9, 3, 
30, 801, 871, 12, 0, 0, 0, 
30, 801, 919, 21, 20, 2, 1, 
30, 808, 925, 12, 12, 31, 3, 
30, 808, 1726, 3, 0, 0, 0, 
30, 812, 328, 2, 2, 34, 5, 
30, 813, 1275, 12, 0, 0, 0, 
30, 816, 1730, 22, 19, 7, 1, 
30, 823, 1405, 31, 0, 0, 0, 
30, 840, 1757, 20, 19, 62, 3, 
30, 843, 1152, 3, 0, 0, 0, 
30, 860, 761, 0, 0, 0, 0, 
30, 860, 1047, 4, 3, 5, 2, 
30, 861, 253, 12, 12, 5, 1, 
30, 870, 808, 16, 0, 0, 0, 
30, 873, 386, 6, 5, 17, 3, 
30, 873, 1024, 3, 0, 0, 0, 
30, 875, 358, 20, 0, 0, 0, 
30, 881, 1633, 20, 0, 0, 0, 
30, 884, 1309, 5, 0, 0, 0, 
30, 900, 909, 1, 0, 0, 0, 
30, 905, 639, 53, 0, 0, 0, 
30, 913, 1317, 23, 23, 18, 2, 
30, 917, 1812, 12, 7, 5, 1, 
30, 920, 1504, 27, 27, 61, 2.93, 
30, 925, 1286, 8, 3, 2, 1, 
30, 927, 574, 18, 17, 23, 2, 
30, 933, 940, 7, 7, 9, 3, 
30, 934, 1099, 12, 7, 1, 2, 
30, 973, 1617, 24, 24, 264, 4, 
30, 991, 565, 1, 0, 0, 0, 
30, 1001, 1580, 2, 2, 13, 4, 
30, 1011, 1722, 30, 0, 0, 0, 
30, 1017, 1023, 6, 5, 1, 1, 
30, 1024, 1667, 31, 0, 0, 0, 
30, 1024, 1674, 2, 2, 3, 3, 
30, 1030, 1484, 15, 10, 4, 1, 
30, 1034, 1176, 19, 0, 0, 0, 
30, 1036, 646, 11, 4, 4, 1, 
30, 1041, 362, 17, 0, 0, 0, 
30, 1047, 694, 41, 41, 35, 1, 
30, 1052, 918, 5, 5, 61, 4, 
30, 1054, 274, 12, 0, 0, 0, 
30, 1060, 1295, 1, 0, 0, 0, 
30, 1062, 787, 15, 14, 7, 1, 
30, 1066, 544, 36, 35, 11, 1, 
30, 1068, 333, 12, 12, 3, 1, 
30, 1072, 219, 34, 1, 5, 5, 
30, 1081, 1223, 22, 0, 0, 0, 
30, 1089, 369, 8, 0, 0, 0, 
30, 1090, 1205, 38, 36, 6, 1, 
30, 1095, 218, 6, 0, 0, 0, 
30, 1102, 1598, 0, 0, 0, 0, 
30, 1119, 848, 13, 12, 17, 2, 
30, 1128, 541, 6, 0, 0, 0, 
30, 1139, 870, 18, 15, 59, 3, 
30, 1142, 787, 25, 7, 4, 1, 
30, 1153, 1382, 19, 0, 0, 0, 
30, 1156, 725, 10, 9, 30, 3, 
30, 1157, 1182, 8, 0, 0, 0, 
30, 1162, 1807, 15, 0, 0, 0, 
30, 1166, 407, 6, 6, 29, 3, 
30, 1166, 754, 27, 0, 0, 0, 
30, 1167, 1612, 3, 0, 0, 0, 
30, 1168, 598, 13, 0, 0, 0, 
30, 1173, 1698, 16, 16, 295, 5, 
30, 1177, 1332, 7, 3, 5, 2, 
30, 1192, 1806, 32, 1, 1, 3, 
30, 1200, 489, 0, 0, 0, 0, 
30, 1209, 891, 14, 0, 0, 0, 
30, 1216, 301, 8, 8, 7, 3, 
30, 1217, 1742, 2, 0, 0, 0, 
30, 1226, 1350, 33, 0, 0, 0, 
30, 1232, 1107, 7, 6, 21, 3, 
30, 1238, 1283, 35, 0, 0, 0, 
30, 1251, 1103, 26, 0, 0, 0, 
30, 1256, 1150, 51, 51, 56, 1.9, 
30, 1263, 252, 28, 26, 5, 1, 
30, 1264, 425, 11, 10, 31, 3, 
30, 1283, 541, 9, 0, 0, 0, 
30, 1283, 1472, 6, 0, 0, 0, 
30, 1287, 1600, 31, 0, 0, 0, 
30, 1288, 377, 25, 0, 0, 0, 
30, 1289, 335, 33, 33, 83, 3, 
30, 1298, 1130, 3, 0, 0, 0, 
30, 1299, 518, 1, 0, 0, 0, 
30, 1300, 282, 10, 10, 16, 3, 
30, 1300, 1383, 8, 8, 134, 5, 
30, 1324, 266, 7, 4, 1, 1, 
30, 1326, 1055, 9, 0, 0, 0, 
30, 1327, 526, 11, 10, 27, 3, 
30, 1331, 1487, 8, 1, 22, 5, 
30, 1332, 222, 1, 1, 2, 2, 
30, 1335, 1317, 19, 0, 0, 0, 
30, 1342, 1682, 2, 2, 5, 3, 
30, 1345, 228, 18, 18, 13, 2, 
30, 1349, 1344, 22, 0, 0, 0, 
30, 1354, 547, 3, 3, 63, 5, 
30, 1356, 979, 2, 0, 0, 0, 
30, 1361, 98, 13, 13, 250, 5, 
30, 1370, 968, 11, 5, 6, 2, 
30, 1381, 282, 2, 0, 0, 0, 
30, 1383, 73, 10, 8, 3, 1, 
30, 1383, 1161, 6, 0, 0, 0, 
30, 1386, 437, 25, 0, 0, 0, 
30, 1403, 965, 4, 0, 0, 0, 
30, 1404, 1431, 5, 0, 0, 0, 
30, 1413, 1244, 5, 5, 8, 2, 
30, 1414, 498, 6, 0, 0, 0, 
30, 1424, 271, 42, 40, 43, 3, 
30, 1426, 238, 0, 0, 0, 0, 
30, 1430, 1540, 21, 0, 0, 0, 
30, 1450, 322, 6, 6, 1, 3, 
30, 1451, 726, 0, 0, 0, 0, 
30, 1452, 350, 4, 2, 12, 3, 
30, 1458, 688, 7, 7, 25, 3, 
30, 1459, 942, 11, 9, 77, 4, 
30, 1464, 648, 5, 4, 15, 3, 
30, 1464, 1317, 29, 26, 16, 1.88, 
30, 1471, 606, 10, 10, 19, 3, 
30, 1484, 437, 0, 0, 0, 0, 
30, 1486, 678, 6, 0, 0, 0, 
30, 1500, 1475, 41, 0, 0, 0, 
30, 1504, 1227, 29, 27, 81, 3, 
30, 1512, 1333, 21, 0, 0, 0, 
30, 1524, 1359, 27, 0, 0, 0, 
30, 1564, 332, 7, 0, 0, 0, 
30, 1579, 448, 1, 0, 0, 0, 
30, 1583, 577, 16, 0, 0, 0, 
30, 1583, 802, 4, 0, 0, 0, 
30, 1586, 338, 10, 10, 40, 3, 
30, 1589, 633, 8, 0, 0, 0, 
30, 1590, 275, 62, 42, 21, 2, 
30, 1596, 393, 16, 16, 53, 3, 
30, 1624, 423, 1, 0, 0, 0, 
30, 1634, 340, 9, 9, 14, 2, 
30, 1635, 644, 2, 0, 0, 0, 
30, 1664, 291, 14, 0, 0, 0, 
30, 1672, 566, 0, 0, 0, 0, 
30, 1677, 6, 17, 0, 0, 0, 
30, 1682, 167, 17, 1, 3, 4, 
30, 1687, 83, 36, 36, 57, 3, 
30, 1699, 274, 1, 0, 0, 0, 
30, 1700, 411, 7, 5, 5, 3, 
30, 1720, 706, 5, 0, 0, 0, 
30, 1733, 382, 2, 2, 38, 5, 
30, 1737, 456, 6, 6, 98, 5, 
30, 1743, 179, 78, 78, 143, 3, 
30, 1793, 259, 2, 2, 3, 2, 
30, 1847, 482, 0, 0, 0, 0, 
30, 1852, 165, 6, 6, 1, 2, 
30, 1862, 514, 12, 0, 0, 0, 
30, 1875, 212, 16, 16, 307, 5, 
30, 1891, 353, 33, 0, 0, 0, 
35, 177, 1295, 42, 0, 0, 0, 
35, 192, 1308, 21, 0, 0, 0, 
35, 196, 1247, 3, 0, 0, 0, 
35, 206, 972, 2, 0, 0, 0, 
35, 224, 1355, 6, 0, 0, 0, 
35, 235, 1242, 19, 0, 0, 0, 
35, 252, 1031, 11, 11, 128, 4, 
35, 317, 962, 0, 0, 0, 0, 
35, 373, 1485, 4, 3, 11, 1.67, 
35, 376, 972, 6, 0, 0, 0, 
35, 383, 1069, 13, 0, 0, 0, 
35, 383, 1576, 26, 26, 162, 4, 
35, 384, 1443, 13, 13, 14, 2, 
35, 416, 1285, 43, 43, 16, 1, 
35, 423, 1638, 10, 0, 0, 0, 
35, 435, 992, 8, 0, 0, 0, 
35, 436, 1318, 8, 8, 57, 2.88, 
35, 441, 1340, 15, 1, 2, 1, 
35, 443, 1575, 2, 2, 40, 5, 
35, 446, 1419, 2, 0, 0, 0, 
35, 446, 1619, 14, 12, 7, 1, 
35, 461, 1072, 11, 11, 305, 5, 
35, 467, 1732, 5, 0, 0, 0, 
35, 485, 1255, 57, 0, 0, 0, 
35, 490, 1713, 35, 35, 800, 5, 
35, 492, 1260, 20, 20, 215, 4, 
35, 492, 1708, 0, 0, 0, 0, 
35, 499, 886, 11, 0, 0, 0, 
35, 507, 1072, 5, 5, 12, 3, 
35, 511, 1334, 20, 20, 158, 4, 
35, 527, 1075, 23, 7, 3, 1, 
35, 531, 819, 39, 39, 122, 3, 
35, 547, 1489, 5, 5, 87, 5, 
35, 574, 926, 45, 0, 0, 0, 
35, 585, 1402, 20, 20, 218, 4, 
35, 586, 1593, 45, 0, 0, 0, 
35, 594, 1441, 4, 0, 0, 0, 
35, 594, 1738, 13, 3, 15, 3, 
35, 612, 1432, 4, 0, 0, 0, 
35, 617, 1252, 6, 5, 7, 1, 
35, 622, 1607, 43, 43, 46, 2, 
35, 627, 1387, 24, 22, 62, 3, 
35, 635, 527, 83, 37, 84, 3, 
35, 640, 1546, 1, 1, 7, 3, 
35, 653, 1347, 23, 23, 36, 1.91, 
35, 654, 1228, 29, 29, 67, 3, 
35, 667, 1353, 18, 16, 1, 1, 
35, 671, 840, 27, 0, 0, 0, 
35, 674, 1368, 5, 5, 5, 1, 
35, 675, 882, 35, 35, 29, 2, 
35, 681, 1419, 27, 0, 0, 0, 
35, 684, 1413, 1, 1, 20, 4, 
35, 695, 560, 0, 0, 0, 0, 
35, 702, 1648, 5, 4, 27, 3, 
35, 712, 845, 13, 0, 0, 0, 
35, 712, 972, 5, 5, 49, 4, 
35, 721, 1185, 18, 0, 0, 0, 
35, 723, 1509, 53, 53, 173, 3, 
35, 729, 1776, 10, 0, 0, 0, 
35, 736, 1414, 17, 13, 32, 2, 
35, 739, 336, 6, 5, 19, 3, 
35, 752, 1104, 9, 0, 0, 0, 
35, 753, 1019, 4, 2, 1, 1, 
35, 756, 486, 13, 0, 0, 0, 
35, 764, 1327, 2, 0, 0, 0, 
35, 765, 1191, 12, 0, 0, 0, 
35, 766, 631, 0, 0, 0, 0, 
35, 772, 1312, 4, 0, 0, 0, 
35, 774, 720, 8, 0, 0, 0, 
35, 777, 911, 31, 31, 190, 4, 
35, 791, 1574, 1, 0, 0, 0, 
35, 803, 1023, 19, 16, 59, 3, 
35, 805, 1019, 5, 5, 8, 3, 
35, 809, 594, 9, 1, 16, 5, 
35, 810, 390, 11, 0, 0, 0, 
35, 819, 428, 8, 0, 0, 0, 
35, 819, 1788, 53, 0, 0, 0, 
35, 823, 1267, 4, 0, 0, 0, 
35, 839, 1037, 29, 25, 13, 1.6, 
35, 841, 1146, 4, 2, 16, 3, 
35, 841, 1278, 26, 2, 41, 5, 
35, 844, 1248, 6, 3, 4, 2, 
35, 845, 1483, 0, 0, 0, 0, 
35, 856, 340, 8, 8, 10, 3, 
35, 865, 697, 31, 31, 785, 5, 
35, 868, 1264, 17, 14, 8, 1, 
35, 872, 1781, 20, 18, 69, 3, 
35, 889, 1466, 0, 0, 0, 0, 
35, 905, 992, 4, 0, 0, 0, 
35, 906, 1026, 27, 23, 25, 1, 
35, 909, 1279, 28, 28, 18, 1, 
35, 919, 701, 6, 0, 0, 0, 
35, 919, 763, 45, 0, 0, 0, 
35, 938, 574, 18, 0, 0, 0, 
35, 944, 324, 45, 43, 38, 2, 
35, 952, 1140, 0, 0, 0, 0, 
35, 954, 907, 14, 8, 3, 2, 
35, 958, 1322, 74, 0, 0, 0, 
35, 962, 1292, 13, 4, 8, 3, 
35, 974, 1467, 30, 0, 0, 0, 
35, 976, 1225, 0, 0, 0, 0, 
35, 976, 1443, 4, 0, 0, 0, 
35, 979, 1485, 2, 2, 1, 2, 
35, 986, 1684, 3, 0, 0, 0, 
35, 993, 1044, 3, 3, 7, 2, 
35, 993, 1402, 2, 1, 2, 1, 
35, 998, 458, 24, 0, 0, 0, 
35, 999, 1163, 9, 0, 0, 0, 
35, 1000, 1481, 5, 0, 0, 0, 
35, 1002, 234, 2, 0, 0, 0, 
35, 1004, 1465, 59, 0, 0, 0, 
35, 1008, 427, 28, 25, 4, 1, 
35, 1015, 840, 14, 0, 0, 0, 
35, 1016, 600, 5, 1, 1, 3, 
35, 1028, 1712, 43, 37, 15, 2, 
35, 1032, 1247, 33, 0, 0, 0, 
35, 1041, 1006, 37, 37, 40, 2, 
35, 1059, 383, 4, 1, 2, 2, 
35, 1073, 994, 9, 9, 5, 2, 
35, 1074, 1381, 56, 56, 24, 1, 
35, 1084, 1187, 7, 0, 0, 0, 
35, 1088, 608, 46, 0, 0, 0, 
35, 1106, 847, 6, 6, 189, 5, 
35, 1106, 1784, 4, 0, 0, 0, 
35, 1109, 1218, 9, 7, 1, 1, 
35, 1115, 954, 6, 6, 16, 3, 
35, 1121, 1149, 0, 0, 0, 0, 
35, 1132, 661, 18, 5, 12, 3, 
35, 1132, 1196, 21, 0, 0, 0, 
35, 1133, 1198, 44, 43, 28, 1, 
35, 1137, 1697, 10, 5, 5, 2, 
35, 1139, 1137, 1, 0, 0, 0, 
35, 1139, 1656, 3, 0, 0, 0, 
35, 1155, 571, 7, 7, 197, 5, 
35, 1162, 468, 28, 0, 0, 0, 
35, 1167, 681, 6, 6, 13, 2, 
35, 1170, 1725, 46, 44, 10, 1, 
35, 1174, 567, 7, 0, 0, 0, 
35, 1175, 567, 9, 8, 3, 1, 
35, 1178, 1099, 9, 9, 11, 2, 
35, 1186, 1825, 38, 0, 0, 0, 
35, 1192, 1200, 1, 0, 0, 0, 
35, 1197, 969, 19, 19, 19, 2, 
35, 1205, 221, 23, 23, 626, 5, 
35, 1210, 1600, 0, 0, 0, 0, 
35, 1212, 977, 29, 0, 0, 0, 
35, 1223, 353, 5, 0, 0, 0, 
35, 1236, 1033, 42, 42, 1061, 5, 
35, 1244, 1777, 13, 4, 10, 3, 
35, 1247, 1194, 14, 14, 19, 2, 
35, 1247, 1750, 9, 7, 15, 3, 
35, 1250, 1242, 2, 0, 0, 0, 
35, 1253, 1242, 4, 4, 16, 3, 
35, 1257, 143, 5, 0, 0, 0, 
35, 1258, 1022, 22, 22, 27, 2, 
35, 1260, 1097, 51, 0, 0, 0, 
35, 1272, 1702, 4, 0, 0, 0, 
35, 1277, 1470, 4, 3, 13, 3, 
35, 1283, 327, 25, 22, 87, 3, 
35, 1286, 1348, 15, 10, 6, 2, 
35, 1290, 885, 42, 0, 0, 0, 
35, 1291, 1376, 0, 0, 0, 0, 
35, 1293, 671, 13, 5, 1, 1, 
35, 1294, 1382, 11, 0, 0, 0, 
35, 1295, 431, 18, 17, 50, 3, 
35, 1301, 1362, 2, 0, 0, 0, 
35, 1301, 1667, 24, 23, 14, 2, 
35, 1305, 1164, 3, 3, 5, 2, 
35, 1323, 978, 4, 4, 16, 4, 
35, 1330, 1028, 16, 0, 0, 0, 
35, 1334, 1234, 17, 0, 0, 0, 
35, 1335, 396, 4, 3, 1, 1, 
35, 1338, 601, 10, 10, 10, 2, 
35, 1342, 208, 7, 0, 0, 0, 
35, 1346, 1315, 11, 9, 4, 1, 
35, 1347, 1305, 4, 4, 1, 1, 
35, 1353, 1032, 45, 0, 0, 0, 
35, 1357, 1142, 9, 9, 189, 5, 
35, 1362, 941, 24, 23, 68, 3, 
35, 1377, 1263, 6, 0, 0, 0, 
35, 1398, 1119, 7, 7, 50, 4, 
35, 1401, 1602, 26, 26, 122, 3, 
35, 1408, 1388, 7, 4, 3, 1, 
35, 1415, 956, 3, 1, 1, 1, 
35, 1426, 953, 27, 27, 16, 1, 
35, 1430, 862, 3, 0, 0, 0, 
35, 1430, 1092, 2, 1, 22, 5, 
35, 1437, 938, 12, 0, 0, 0, 
35, 1453, 194, 1, 0, 0, 0, 
35, 1455, 1048, 1, 0, 0, 0, 
35, 1458, 1236, 22, 0, 0, 0, 
35, 1473, 369, 5, 5, 107, 5, 
35, 1486, 723, 5, 3, 1, 1, 
35, 1493, 264, 13, 0, 0, 0, 
35, 1500, 381, 10, 8, 5, 1, 
35, 1549, 828, 9, 0, 0, 0, 
35, 1552, 129, 10, 9, 15, 3, 
35, 1562, 501, 8, 0, 0, 0, 
35, 1566, 224, 8, 0, 0, 0, 
35, 1570, 686, 2, 0, 0, 0, 
35, 1590, 625, 6, 0, 0, 0, 
35, 1591, 357, 30, 28, 26, 2, 
35, 1616, 629, 2, 2, 2, 2, 
35, 1629, 233, 32, 0, 0, 0, 
35, 1633, 172, 2, 0, 0, 0, 
35, 1650, 903, 1, 0, 0, 0, 
35, 1656, 67, 20, 0, 0, 0, 
35, 1660, 374, 2, 2, 12, 3, 
35, 1668, 162, 8, 3, 29, 4, 
35, 1671, 708, 2, 0, 0, 0, 
35, 1678, 351, 21, 19, 12, 1, 
35, 1678, 395, 19, 19, 266, 4, 
35, 1688, 388, 4, 0, 0, 0, 
35, 1699, 521, 1, 0, 0, 0, 
35, 1707, 211, 13, 0, 0, 0, 
35, 1714, 464, 2, 0, 0, 0, 
35, 1723, 16, 2, 1, 1, 3, 
35, 1729, 198, 4, 4, 10, 2, 
35, 1731, 283, 3, 2, 19, 5, 
35, 1760, 37, 9, 9, 38, 3, 
35, 1773, 564, 7, 0, 0, 0, 
35, 1786, 546, 6, 6, 19, 3, 
35, 1803, 340, 9, 0, 0, 0, 
35, 1805, 429, 41, 39, 129, 3, 
35, 1805, 825, 32, 0, 0, 0, 
35, 1809, 906, 12, 7, 7, 2, 
35, 1811, 145, 24, 0, 0, 0, 
35, 1814, 118, 12, 12, 7, 2, 
35, 1818, 204, 9, 9, 241, 5, 
35, 1832, 197, 6, 0, 0, 0, 
35, 1836, 445, 6, 0, 0, 0, 
35, 1867, 479, 25, 0, 0, 0, 
35, 1869, 556, 6, 6, 6, 1, 
35, 1877, 439, 22, 22, 66, 3, 
40, 174, 1286, 11, 11, 33, 2, 
40, 217, 1343, 3, 0, 0, 0, 
40, 246, 1244, 9, 9, 38, 3, 
40, 249, 926, 1, 1, 1, 1, 
40, 292, 900, 3, 0, 0, 0, 
40, 320, 957, 42, 10, 23, 2, 
40, 323, 986, 16, 14, 12, 1.64, 
40, 349, 1119, 57, 0, 0, 0, 
40, 356, 1349, 5, 5, 4, 2, 
40, 361, 1292, 4, 4, 16, 3, 
40, 407, 1256, 0, 0, 0, 0, 
40, 408, 1403, 6, 0, 0, 0, 
40, 417, 946, 14, 14, 13, 1, 
40, 417, 1285, 5, 0, 0, 0, 
40, 441, 1492, 7, 0, 0, 0, 
40, 447, 998, 22, 21, 38, 2, 
40, 449, 1678, 2, 2, 5, 3, 
40, 453, 1487, 6, 6, 13, 2, 
40, 473, 1579, 9, 8, 10, 1.63, 
40, 512, 1212, 26, 26, 35, 2, 
40, 527, 1747, 29, 0, 0, 0, 
40, 528, 967, 9, 0, 0, 0, 
40, 534, 1503, 23, 23, 216, 4, 
40, 540, 1686, 9, 9, 23, 2, 
40, 542, 1603, 0, 0, 0, 0, 
40, 552, 996, 0, 0, 0, 0, 
40, 561, 1828, 27, 0, 0, 0, 
40, 571, 808, 58, 0, 0, 0, 
40, 580, 814, 27, 27, 824, 5, 
40, 580, 1124, 17, 0, 0, 0, 
40, 581, 988, 14, 14, 167, 4, 
40, 583, 1724, 3, 0, 0, 0, 
40, 618, 1739, 17, 12, 7, 1, 
40, 629, 1475, 25, 1, 12, 5, 
40, 631, 1493, 2, 2, 18, 4, 
40, 632, 1064, 43, 0, 0, 0, 
40, 651, 1164, 5, 3, 7, 2, 
40, 663, 540, 1, 0, 0, 0, 
40, 671, 408, 16, 0, 0, 0, 
40, 678, 959, 14, 14, 80, 3, 
40, 681, 1337, 100, 98, 348, 3, 
40, 689, 915, 7, 0, 0, 0, 
40, 703, 1328, 53, 0, 0, 0, 
40, 709, 1571, 29, 28, 159, 2.96, 
40, 722, 902, 33, 2, 1, 3, 
40, 723, 1751, 44, 44, 22, 1, 
40, 739, 1235, 19, 17, 16, 1, 
40, 743, 1337, 3, 3, 9, 3, 
40, 755, 1203, 7, 0, 0, 0, 
40, 757, 633, 7, 0, 0, 0, 
40, 759, 411, 3, 2, 5, 2, 
40, 759, 1297, 11, 0, 0, 0, 
40, 769, 394, 61, 0, 0, 0, 
40, 774, 742, 2, 2, 1, 3, 
40, 781, 1568, 32, 32, 143, 3, 
40, 782, 1022, 2, 2, 3, 3, 
40, 786, 834, 0, 0, 0, 0, 
40, 795, 1557, 36, 36, 201, 3, 
40, 796, 702, 21, 1, 3, 3, 
40, 816, 1840, 1, 1, 12, 5, 
40, 817, 430, 15, 15, 33, 2, 
40, 823, 765, 15, 12, 3, 1, 
40, 824, 1659, 8, 8, 20, 3, 
40, 838, 664, 78, 77, 105, 2, 
40, 840, 376, 4, 4, 137, 5, 
40, 841, 946, 2, 0, 0, 0, 
40, 846, 504, 24, 0, 0, 0, 
40, 846, 1208, 0, 0, 0, 0, 
40, 855, 1369, 49, 0, 0, 0, 
40, 856, 305, 13, 0, 0, 0, 
40, 856, 1312, 10, 10, 3, 1, 
40, 858, 1315, 6, 1, 1, 2, 
40, 860, 1800, 17, 0, 0, 0, 
40, 867, 1327, 44, 43, 89, 2.98, 
40, 873, 1173, 30, 0, 0, 0, 
40, 876, 491, 9, 0, 0, 0, 
40, 887, 1697, 30, 0, 0, 0, 
40, 890, 1328, 13, 13, 7, 2, 
40, 899, 1263, 21, 0, 0, 0, 
40, 900, 1722, 1, 0, 0, 0, 
40, 907, 1340, 7, 7, 92, 4, 
40, 908, 419, 6, 0, 0, 0, 
40, 912, 1725, 25, 0, 0, 0, 
40, 914, 936, 8, 0, 0, 0, 
40, 914, 1121, 7, 6, 9, 2, 
40, 914, 1482, 2, 1, 7, 3, 
40, 917, 900, 18, 13, 10, 1, 
40, 925, 266, 8, 6, 2, 2, 
40, 931, 685, 43, 43, 191, 3, 
40, 939, 1508, 76, 0, 0, 0, 
40, 944, 1494, 18, 18, 68, 3, 
40, 948, 343, 15, 15, 21, 1.4, 
40, 950, 972, 10, 0, 0, 0, 
40, 965, 1258, 10, 0, 0, 0, 
40, 971, 382, 4, 3, 5, 3, 
40, 971, 1493, 62, 0, 0, 0, 
40, 975, 1243, 0, 0, 0, 0, 
40, 975, 1290, 19, 0, 0, 0, 
40, 1007, 568, 57, 57, 127, 3, 
40, 1012, 1599, 9, 9, 10, 1, 
40, 1015, 1711, 15, 0, 0, 0, 
40, 1018, 828, 22, 0, 0, 0, 
40, 1030, 1274, 2, 2, 9, 4, 
40, 1034, 852, 39, 39, 151, 3, 
40, 1036, 1380, 7, 3, 4, 2, 
40, 1039, 1820, 12, 12, 61, 3, 
40, 1043, 464, 19, 0, 0, 0, 
40, 1045, 297, 1, 0, 0, 0, 
40, 1050, 804, 7, 7, 31, 3, 
40, 1065, 1765, 15, 14, 27, 2, 
40, 1074, 1565, 4, 4, 79, 5, 
40, 1079, 565, 20, 20, 5, 1, 
40, 1083, 611, 3, 0, 0, 0, 
40, 1087, 1331, 2, 2, 39, 5, 
40, 1088, 1613, 26, 0, 0, 0, 
40, 1106, 967, 30, 0, 0, 0, 
40, 1110, 1051, 11, 10, 14, 2, 
40, 1116, 1157, 33, 33, 364, 4, 
40, 1119, 1017, 22, 0, 0, 0, 
40, 1127, 336, 3, 0, 0, 0, 
40, 1133, 1771, 26, 26, 88, 3, 
40, 1136, 1169, 0, 0, 0, 0, 
40, 1137, 619, 2, 1, 2, 2, 
40, 1143, 900, 20, 0, 0, 0, 
40, 1161, 740, 9, 9, 23, 3, 
40, 1164, 1346, 54, 54, 1345, 5, 
40, 1167, 1568, 8, 0, 0, 0, 
40, 1170, 1764, 3, 3, 4, 2, 
40, 1171, 441, 11, 11, 62, 3, 
40, 1172, 1705, 0, 0, 0, 0, 
40, 1174, 1169, 74, 0, 0, 0, 
40, 1179, 223, 2, 2, 22, 4, 
40, 1179, 1482, 1, 0, 0, 0, 
40, 1186, 1505, 11, 11, 3, 2, 
40, 1187, 1347, 4, 0, 0, 0, 
40, 1188, 420, 2, 2, 7, 2, 
40, 1210, 1202, 5, 5, 38, 3, 
40, 1225, 312, 35, 34, 54, 2, 
40, 1236, 941, 9, 8, 7, 1, 
40, 1240, 277, 5, 5, 147, 5, 
40, 1248, 1768, 11, 0, 0, 0, 
40, 1259, 1003, 9, 9, 234, 5, 
40, 1262, 1176, 19, 0, 0, 0, 
40, 1270, 448, 15, 0, 0, 0, 
40, 1276, 1418, 3, 0, 0, 0, 
40, 1280, 439, 8, 7, 15, 2, 
40, 1280, 680, 41, 1, 4, 2, 
40, 1283, 1139, 24, 0, 0, 0, 
40, 1285, 1707, 19, 0, 0, 0, 
40, 1287, 606, 0, 0, 0, 0, 
40, 1291, 1163, 7, 7, 63, 4, 
40, 1294, 1624, 12, 0, 0, 0, 
40, 1295, 1061, 3, 3, 8, 3, 
40, 1296, 123, 16, 16, 79, 3, 
40, 1296, 163, 10, 10, 16, 1.7, 
40, 1301, 348, 24, 24, 69, 3, 
40, 1305, 1167, 34, 34, 776, 5, 
40, 1306, 1226, 21, 0, 0, 0, 
40, 1320, 448, 8, 8, 3, 1, 
40, 1328, 654, 11, 0, 0, 0, 
40, 1338, 1641, 7, 7, 9, 2, 
40, 1343, 362, 55, 55, 56, 2, 
40, 1343, 1010, 6, 1, 9, 3, 
40, 1347, 584, 11, 0, 0, 0, 
40, 1351, 772, 61, 22, 11, 1, 
40, 1353, 1029, 9, 0, 0, 0, 
40, 1356, 700, 29, 0, 0, 0, 
40, 1358, 1233, 28, 28, 41, 2, 
40, 1362, 737, 30, 29, 68, 2, 
40, 1367, 964, 32, 32, 6, 1, 
40, 1370, 329, 1, 0, 0, 0, 
40, 1372, 547, 5, 5, 6, 1, 
40, 1373, 999, 7, 7, 30, 3, 
40, 1391, 553, 3, 3, 15, 4, 
40, 1393, 454, 24, 2, 6, 2, 
40, 1397, 231, 0, 0, 0, 0, 
40, 1407, 305, 6, 6, 28, 3, 
40, 1424, 344, 1, 1, 19, 4, 
40, 1425, 728, 45, 45, 84, 2, 
40, 1427, 901, 9, 0, 0, 0, 
40, 1443, 378, 0, 0, 0, 0, 
40, 1443, 1326, 9, 0, 0, 0, 
40, 1444, 493, 17, 13, 4, 1, 
40, 1448, 988, 0, 0, 0, 0, 
40, 1448, 1048, 12, 0, 0, 0, 
40, 1450, 373, 0, 0, 0, 0, 
40, 1457, 1042, 22, 21, 40, 2, 
40, 1463, 931, 8, 0, 0, 0, 
40, 1472, 1441, 6, 0, 0, 0, 
40, 1476, 261, 22, 20, 10, 1, 
40, 1479, 389, 50, 50, 177, 3, 
40, 1481, 875, 18, 18, 100, 3, 
40, 1496, 968, 14, 0, 0, 0, 
40, 1498, 634, 6, 0, 0, 0, 
40, 1513, 267, 5, 0, 0, 0, 
40, 1524, 1264, 9, 8, 55, 3, 
40, 1535, 942, 11, 11, 31, 3, 
40, 1536, 295, 5, 5, 25, 3, 
40, 1542, 651, 1, 1, 3, 2, 
40, 1556, 155, 0, 0, 0, 0, 
40, 1573, 208, 0, 0, 0, 0, 
40, 1595, 531, 8, 8, 26, 3, 
40, 1614, 679, 11, 11, 69, 3, 
40, 1635, 447, 23, 21, 23, 2, 
40, 1671, 182, 33, 0, 0, 0, 
40, 1717, 272, 7, 1, 1, 1, 
40, 1725, 389, 19, 0, 0, 0, 
40, 1727, 532, 55, 55, 49, 2, 
40, 1736, 478, 0, 0, 0, 0, 
40, 1763, 530, 10, 9, 37, 3, 
40, 1773, 266, 9, 0, 0, 0, 
40, 1786, 480, 31, 9, 200, 5, 
40, 1791, 510, 50, 50, 159, 3, 
40, 1865, 591, 0, 0, 0, 0, 
40, 1884, 526, 11, 11, 5, 1, 
40, 1887, 565, 63, 63, 31, 1.94, 
40, 1923, 431, 8, 2, 24, 4, 
40, 1927, 247, 43, 35, 35, 2, 
45, 102, 1057, 35, 30, 18, 1, 
45, 128, 985, 11, 5, 59, 4, 
45, 135, 1065, 7, 0, 0, 0, 
45, 178, 933, 9, 6, 9, 2, 
45, 186, 1291, 3, 3, 17, 3, 
45, 215, 1301, 10, 7, 14, 2, 
45, 219, 1289, 8, 8, 39, 3, 
45, 248, 1032, 20, 0, 0, 0, 
45, 250, 1323, 36, 35, 21, 1, 
45, 251, 928, 20, 16, 19, 2, 
45, 264, 1042, 60, 48, 59, 2, 
45, 296, 1394, 11, 10, 45, 3, 
45, 347, 1270, 5, 4, 2, 1, 
45, 357, 1445, 23, 0, 0, 0, 
45, 358, 1024, 18, 18, 20, 2, 
45, 375, 1552, 8, 0, 0, 0, 
45, 385, 1259, 9, 9, 33, 3, 
45, 396, 1632, 21, 0, 0, 0, 
45, 403, 1142, 13, 0, 0, 0, 
45, 412, 869, 11, 0, 0, 0, 
45, 412, 1633, 33, 0, 0, 0, 
45, 412, 1682, 20, 0, 0, 0, 
45, 419, 1310, 26, 26, 94, 2.88, 
45, 420, 1655, 37, 31, 61, 3, 
45, 426, 1142, 7, 7, 232, 5, 
45, 436, 1483, 32, 28, 13, 1, 
45, 448, 1216, 35, 34, 142, 3, 
45, 461, 1031, 57, 0, 0, 0, 
45, 489, 1242, 3, 2, 20, 3, 
45, 495, 1449, 2, 0, 0, 0, 
45, 503, 1209, 2, 0, 0, 0, 
45, 503, 1305, 9, 0, 0, 0, 
45, 514, 1349, 40, 40, 876, 5, 
45, 516, 876, 6, 1, 7, 3, 
45, 525, 1024, 10, 10, 15, 2, 
45, 527, 1029, 5, 5, 5, 1, 
45, 556, 1002, 5, 0, 0, 0, 
45, 559, 1070, 0, 0, 0, 0, 
45, 561, 828, 24, 0, 0, 0, 
45, 563, 1614, 4, 0, 0, 0, 
45, 566, 1411, 14, 14, 13, 1, 
45, 570, 1710, 17, 0, 0, 0, 
45, 576, 877, 10, 10, 118, 4, 
45, 578, 1245, 21, 21, 501, 5, 
45, 598, 1382, 5, 0, 0, 0, 
45, 603, 1394, 3, 2, 5, 2, 
45, 609, 1397, 20, 0, 0, 0, 
45, 625, 1566, 8, 8, 18, 2, 
45, 630, 1445, 3, 0, 0, 0, 
45, 631, 1550, 11, 11, 14, 2, 
45, 634, 946, 1, 0, 0, 0, 
45, 636, 1512, 10, 6, 6, 1, 
45, 639, 1400, 1, 1, 1, 2, 
45, 666, 1625, 3, 3, 9, 3, 
45, 667, 911, 26, 24, 35, 2, 
45, 682, 428, 7, 4, 2, 2, 
45, 687, 810, 6, 5, 3, 2, 
45, 698, 393, 9, 0, 0, 0, 
45, 702, 1226, 14, 11, 3, 1, 
45, 711, 1527, 15, 15, 23, 1.93, 
45, 714, 1159, 2, 0, 0, 0, 
45, 731, 1758, 35, 35, 157, 3, 
45, 738, 1599, 4, 4, 41, 4, 
45, 749, 1567, 6, 5, 13, 3, 
45, 754, 968, 24, 0, 0, 0, 
45, 757, 1611, 6, 6, 9, 1.67, 
45, 761, 1737, 2, 1, 1, 2, 
45, 769, 1046, 38, 35, 60, 2, 
45, 787, 477, 46, 0, 0, 0, 
45, 788, 1589, 0, 0, 0, 0, 
45, 801, 958, 23, 23, 33, 2, 
45, 813, 1277, 13, 12, 16, 2, 
45, 827, 1340, 43, 0, 0, 0, 
45, 827, 1536, 15, 0, 0, 0, 
45, 842, 603, 5, 0, 0, 0, 
45, 854, 256, 17, 0, 0, 0, 
45, 854, 608, 4, 4, 2, 1, 
45, 855, 1798, 34, 31, 124, 3, 
45, 856, 1781, 9, 0, 0, 0, 
45, 857, 894, 15, 0, 0, 0, 
45, 860, 707, 12, 12, 5, 2, 
45, 860, 918, 3, 0, 0, 0, 
45, 862, 1129, 31, 1, 3, 2, 
45, 867, 1834, 21, 0, 0, 0, 
45, 883, 359, 33, 0, 0, 0, 
45, 883, 1212, 2, 0, 0, 0, 
45, 891, 1694, 4, 2, 8, 2.5, 
45, 891, 1787, 9, 6, 3, 1, 
45, 901, 1300, 5, 0, 0, 0, 
45, 901, 1342, 0, 0, 0, 0, 
45, 901, 1709, 22, 0, 0, 0, 
45, 919, 1614, 2, 2, 4, 3, 
45, 950, 467, 1, 1, 3, 2, 
45, 959, 1150, 1, 1, 2, 4, 
45, 962, 1196, 2, 2, 12, 4, 
45, 972, 423, 13, 0, 0, 0, 
45, 975, 981, 6, 6, 27, 3, 
45, 977, 1693, 18, 0, 0, 0, 
45, 980, 1108, 10, 10, 24, 2, 
45, 986, 1277, 5, 0, 0, 0, 
45, 1001, 491, 21, 16, 159, 4, 
45, 1004, 1794, 6, 5, 20, 3, 
45, 1006, 1106, 0, 0, 0, 0, 
45, 1011, 1098, 13, 0, 0, 0, 
45, 1021, 1775, 39, 38, 56, 2, 
45, 1026, 1836, 7, 4, 6, 1, 
45, 1027, 257, 11, 0, 0, 0, 
45, 1036, 1012, 2, 1, 4, 2, 
45, 1037, 1135, 17, 2, 9, 2.5, 
45, 1038, 1817, 12, 0, 0, 0, 
45, 1047, 1293, 18, 18, 173, 4, 
45, 1051, 287, 19, 19, 54, 3, 
45, 1056, 515, 22, 0, 0, 0, 
45, 1056, 799, 43, 41, 119, 3, 
45, 1061, 241, 11, 10, 39, 3, 
45, 1062, 614, 5, 5, 24, 2, 
45, 1071, 1532, 14, 0, 0, 0, 
45, 1079, 305, 3, 0, 0, 0, 
45, 1080, 796, 9, 0, 0, 0, 
45, 1081, 1591, 1, 0, 0, 0, 
45, 1091, 671, 32, 32, 692, 5, 
45, 1103, 1145, 20, 15, 9, 1, 
45, 1113, 777, 0, 0, 0, 0, 
45, 1118, 633, 30, 29, 38, 2, 
45, 1141, 642, 16, 0, 0, 0, 
45, 1142, 1340, 12, 12, 27, 3, 
45, 1150, 528, 6, 6, 16, 2, 
45, 1152, 355, 17, 0, 0, 0, 
45, 1158, 1644, 36, 36, 63, 3, 
45, 1165, 884, 7, 0, 0, 0, 
45, 1189, 631, 5, 4, 3, 2, 
45, 1189, 1141, 6, 6, 12, 3, 
45, 1192, 1612, 4, 0, 0, 0, 
45, 1201, 532, 1, 0, 0, 0, 
45, 1210, 316, 0, 0, 0, 0, 
45, 1210, 1205, 8, 8, 201, 5, 
45, 1214, 1453, 3, 0, 0, 0, 
45, 1215, 720, 7, 0, 0, 0, 
45, 1221, 1290, 0, 0, 0, 0, 
45, 1222, 1064, 31, 16, 408, 5, 
45, 1231, 769, 19, 0, 0, 0, 
45, 1255, 542, 13, 13, 4, 1, 
45, 1255, 1272, 1, 1, 1, 2, 
45, 1261, 468, 18, 0, 0, 0, 
45, 1277, 351, 51, 50, 46, 2, 
45, 1281, 1137, 3, 3, 23, 3, 
45, 1282, 913, 53, 52, 28, 1, 
45, 1303, 336, 29, 28, 18, 1, 
45, 1305, 1373, 7, 5, 6, 2, 
45, 1307, 689, 51, 51, 46, 2, 
45, 1307, 1253, 5, 0, 0, 0, 
45, 1308, 1157, 22, 22, 99, 3, 
45, 1312, 1085, 17, 17, 7, 1, 
45, 1319, 169, 2, 1, 2, 1, 
45, 1337, 793, 1, 1, 7, 3, 
45, 1340, 1056, 0, 0, 0, 0, 
45, 1365, 833, 14, 14, 42, 3, 
45, 1369, 1446, 15, 0, 0, 0, 
45, 1374, 1311, 11, 11, 232, 5, 
45, 1381, 1254, 8, 8, 7, 1, 
45, 1383, 106, 56, 0, 0, 0, 
45, 1384, 480, 7, 0, 0, 0, 
45, 1384, 1498, 33, 0, 0, 0, 
45, 1393, 1512, 9, 9, 20, 2, 
45, 1396, 1111, 87, 0, 0, 0, 
45, 1415, 1565, 59, 58, 46, 1, 
45, 1416, 1397, 30, 28, 12, 1, 
45, 1427, 1661, 4, 3, 7, 2, 
45, 1428, 534, 6, 0, 0, 0, 
45, 1430, 117, 6, 0, 0, 0, 
45, 1437, 841, 23, 0, 0, 0, 
45, 1440, 1495, 4, 3, 15, 2.67, 
45, 1447, 504, 2, 1, 10, 3, 
45, 1448, 252, 1, 1, 1, 1, 
45, 1448, 1150, 23, 14, 30, 2, 
45, 1449, 260, 28, 16, 21, 2, 
45, 1449, 973, 42, 7, 29, 3, 
45, 1456, 453, 19, 17, 55, 2, 
45, 1459, 881, 3, 0, 0, 0, 
45, 1473, 531, 2, 2, 19, 3, 
45, 1491, 1303, 11, 10, 7, 1, 
45, 1498, 350, 6, 6, 8, 1, 
45, 1507, 375, 19, 19, 26, 2, 
45, 1508, 1352, 27, 26, 13, 1, 
45, 1518, 447, 29, 26, 59, 2, 
45, 1518, 503, 1, 0, 0, 0, 
45, 1530, 526, 16, 0, 0, 0, 
45, 1536, 663, 3, 3, 21, 3, 
45, 1555, 226, 8, 7, 10, 3, 
45, 1557, 392, 2, 1, 1, 1, 
45, 1561, 562, 17, 10, 8, 1, 
45, 1588, 775, 1, 1, 16, 4, 
45, 1592, 759, 20, 20, 56, 3, 
45, 1593, 353, 2, 1, 6, 2, 
45, 1597, 835, 0, 0, 0, 0, 
45, 1607, 898, 4, 0, 0, 0, 
45, 1617, 521, 0, 0, 0, 0, 
45, 1682, 334, 14, 0, 0, 0, 
45, 1683, 562, 1, 1, 10, 3, 
45, 1709, 383, 10, 0, 0, 0, 
45, 1712, 458, 5, 5, 39, 4, 
45, 1780, 929, 23, 0, 0, 0, 
45, 1829, 192, 11, 0, 0, 0, 
45, 1876, 580, 2, 0, 0, 0, 
45, 1884, 220, 8, 8, 5, 1, 
45, 1915, 323, 42, 10, 26, 3, 
50, 146, 1085, 25, 0, 0, 0, 
50, 170, 1053, 2, 2, 7, 3, 
50, 196, 1231, 1, 0, 0, 0, 
50, 204, 1255, 11, 0, 0, 0, 
50, 222, 942, 22, 0, 0, 0, 
50, 232, 1312, 28, 24, 12, 1, 
50, 235, 1361, 24, 23, 22, 1, 
50, 248, 976, 37, 37, 179, 3, 
50, 263, 956, 34, 34, 1271, 5, 
50, 274, 1339, 41, 0, 0, 0, 
50, 275, 1036, 1, 1, 2, 4, 
50, 275, 1158, 3, 1, 5, 2, 
50, 288, 1351, 2, 2, 5, 3, 
50, 289, 1095, 31, 0, 0, 0, 
50, 295, 1248, 17, 0, 0, 0, 
50, 310, 1433, 25, 25, 150, 3, 
50, 346, 1524, 9, 8, 26, 3, 
50, 356, 1472, 9, 9, 10, 2, 
50, 357, 1070, 6, 5, 7, 1, 
50, 358, 1164, 9, 9, 17, 3, 
50, 377, 1268, 31, 31, 120, 3, 
50, 379, 1015, 40, 0, 0, 0, 
50, 398, 1028, 1, 1, 4, 2, 
50, 403, 1585, 1, 0, 0, 0, 
50, 413, 1032, 13, 13, 55, 3, 
50, 415, 830, 1, 0, 0, 0, 
50, 416, 1406, 14, 14, 53, 3, 
50, 418, 1317, 47, 0, 0, 0, 
50, 420, 1048, 12, 12, 22, 2, 
50, 423, 1420, 11, 11, 35, 2, 
50, 431, 1322, 16, 16, 15, 1, 
50, 434, 1056, 30, 30, 68, 2, 
50, 450, 1312, 29, 29, 32, 2, 
50, 460, 1262, 12, 12, 23, 2, 
50, 461, 753, 7, 4, 8, 2, 
50, 464, 1441, 34, 0, 0, 0, 
50, 490, 1519, 10, 0, 0, 0, 
50, 492, 866, 31, 1, 10, 4, 
50, 503, 916, 10, 0, 0, 0, 
50, 505, 1387, 42, 41, 88, 3, 
50, 524, 1568, 3, 3, 8, 2, 
50, 526, 1577, 12, 2, 54, 5, 
50, 545, 1428, 55, 0, 0, 0, 
50, 554, 1602, 15, 15, 5, 1, 
50, 561, 1108, 16, 15, 58, 3, 
50, 562, 1577, 17, 17, 69, 3, 
50, 567, 971, 56, 0, 0, 0, 
50, 567, 1730, 16, 3, 30, 4, 
50, 569, 1428, 32, 27, 111, 3, 
50, 575, 896, 24, 22, 89, 3, 
50, 581, 1508, 25, 25, 153, 3, 
50, 584, 979, 29, 0, 0, 0, 
50, 585, 553, 7, 2, 58, 5, 
50, 589, 1345, 1, 1, 6, 3, 
50, 591, 937, 11, 4, 2, 2, 
50, 591, 1129, 35, 35, 66, 2, 
50, 591, 1597, 5, 0, 0, 0, 
50, 601, 904, 15, 15, 506, 5, 
50, 605, 1433, 15, 15, 48, 3, 
50, 606, 1061, 46, 12, 169, 4, 
50, 608, 1413, 15, 13, 23, 2, 
50, 616, 1169, 41, 41, 74, 2, 
50, 643, 1456, 4, 3, 5, 2, 
50, 649, 1452, 0, 0, 0, 0, 
50, 651, 1844, 7, 6, 3, 2, 
50, 658, 1340, 14, 0, 0, 0, 
50, 695, 898, 49, 0, 0, 0, 
50, 704, 512, 7, 0, 0, 0, 
50, 718, 1578, 22, 22, 107, 3, 
50, 720, 873, 4, 4, 33, 4, 
50, 724, 1678, 27, 0, 0, 0, 
50, 735, 450, 41, 0, 0, 0, 
50, 753, 1407, 2, 2, 13, 3, 
50, 755, 1421, 2, 2, 2, 1, 
50, 761, 1619, 12, 0, 0, 0, 
50, 763, 1162, 17, 0, 0, 0, 
50, 778, 1437, 7, 0, 0, 0, 
50, 788, 1538, 19, 19, 240, 4, 
50, 789, 1128, 13, 0, 0, 0, 
50, 795, 1261, 35, 30, 27, 2, 
50, 796, 1382, 42, 0, 0, 0, 
50, 796, 1666, 21, 21, 22, 1, 
50, 797, 1803, 4, 0, 0, 0, 
50, 803, 1631, 10, 0, 0, 0, 
50, 827, 723, 21, 21, 213, 4, 
50, 840, 1387, 33, 33, 143, 3, 
50, 847, 278, 7, 7, 63, 2.86, 
50, 850, 1495, 5, 0, 0, 0, 
50, 855, 1053, 44, 39, 52, 2, 
50, 857, 838, 67, 0, 0, 0, 
50, 864, 1630, 12, 0, 0, 0, 
50, 891, 367, 13, 13, 56, 3, 
50, 891, 1463, 1, 0, 0, 0, 
50, 896, 1411, 28, 6, 7, 1, 
50, 900, 1661, 23, 22, 53, 2, 
50, 905, 723, 28, 0, 0, 0, 
50, 905, 1684, 27, 0, 0, 0, 
50, 911, 947, 5, 4, 7, 2, 
50, 915, 617, 14, 12, 33, 3, 
50, 915, 1557, 8, 2, 4, 1, 
50, 918, 1311, 3, 0, 0, 0, 
50, 922, 1859, 0, 0, 0, 0, 
50, 927, 1444, 5, 4, 5, 2, 
50, 928, 1226, 8, 8, 108, 4, 
50, 937, 1320, 24, 0, 0, 0, 
50, 942, 1310, 21, 18, 51, 3, 
50, 945, 1476, 53, 46, 111, 3, 
50, 947, 1545, 2, 1, 10, 3, 
50, 948, 1096, 23, 21, 51, 3, 
50, 953, 1688, 3, 0, 0, 0, 
50, 956, 1161, 22, 22, 227, 4, 
50, 959, 1412, 3, 3, 9, 4, 
50, 960, 1802, 4, 2, 4, 1, 
50, 965, 1071, 5, 0, 0, 0, 
50, 973, 1731, 25, 0, 0, 0, 
50, 979, 990, 15, 15, 19, 2, 
50, 992, 460, 43, 43, 76, 2, 
50, 992, 598, 24, 23, 19, 2, 
50, 992, 1074, 20, 0, 0, 0, 
50, 995, 1340, 0, 0, 0, 0, 
50, 997, 1601, 54, 0, 0, 0, 
50, 997, 1634, 20, 19, 103, 3, 
50, 1023, 752, 18, 18, 19, 2, 
50, 1026, 473, 7, 0, 0, 0, 
50, 1028, 1681, 8, 0, 0, 0, 
50, 1044, 915, 79, 79, 331, 3, 
50, 1050, 1242, 1, 0, 0, 0, 
50, 1052, 1398, 36, 0, 0, 0, 
50, 1064, 928, 33, 0, 0, 0, 
50, 1093, 313, 20, 0, 0, 0, 
50, 1096, 1754, 20, 19, 21, 1, 
50, 1098, 1173, 3, 0, 0, 0, 
50, 1099, 382, 20, 18, 35, 2, 
50, 1106, 206, 49, 49, 31, 1, 
50, 1109, 311, 10, 9, 14, 1, 
50, 1114, 1618, 8, 8, 10, 1.88, 
50, 1119, 1550, 1, 0, 0, 0, 
50, 1125, 276, 0, 0, 0, 0, 
50, 1125, 676, 14, 14, 5, 2, 
50, 1135, 745, 9, 9, 39, 3, 
50, 1136, 389, 14, 0, 0, 0, 
50, 1139, 1576, 7, 0, 0, 0, 
50, 1143, 1781, 10, 0, 0, 0, 
50, 1146, 1297, 40, 39, 73, 2, 
50, 1149, 1796, 6, 5, 11, 2, 
50, 1150, 1444, 7, 7, 79, 3, 
50, 1157, 497, 14, 13, 8, 1, 
50, 1158, 1724, 0, 0, 0, 0, 
50, 1159, 1781, 5, 0, 0, 0, 
50, 1161, 354, 19, 19, 54, 3, 
50, 1167, 1779, 19, 19, 404, 5, 
50, 1169, 198, 17, 3, 5, 3, 
50, 1175, 646, 24, 0, 0, 0, 
50, 1177, 539, 6, 6, 154, 5, 
50, 1190, 253, 1, 1, 12, 4, 
50, 1192, 325, 39, 0, 0, 0, 
50, 1200, 715, 10, 10, 26, 2, 
50, 1204, 1676, 3, 3, 41, 5, 
50, 1208, 1561, 3, 0, 0, 0, 
50, 1209, 1522, 4, 3, 3, 1, 
50, 1214, 1472, 10, 10, 16, 2, 
50, 1220, 812, 1, 0, 0, 0, 
50, 1221, 528, 19, 19, 92, 3, 
50, 1222, 391, 6, 6, 13, 1, 
50, 1222, 1117, 0, 0, 0, 0, 
50, 1225, 364, 4, 4, 29, 4, 
50, 1227, 261, 30, 0, 0, 0, 
50, 1231, 1594, 7, 0, 0, 0, 
50, 1232, 718, 2, 0, 0, 0, 
50, 1235, 409, 8, 6, 19, 3, 
50, 1238, 378, 8, 7, 46, 3, 
50, 1241, 156, 20, 0, 0, 0, 
50, 1241, 382, 3, 0, 0, 0, 
50, 1245, 1022, 25, 0, 0, 0, 
50, 1254, 1305, 5, 4, 1, 2, 
50, 1273, 1713, 38, 0, 0, 0, 
50, 1274, 640, 22, 0, 0, 0, 
50, 1276, 1442, 12, 12, 26, 2, 
50, 1287, 1372, 2, 0, 0, 0, 
50, 1287, 1462, 24, 24, 266, 4, 
50, 1295, 1038, 30, 30, 68, 2, 
50, 1295, 1186, 28, 0, 0, 0, 
50, 1300, 1459, 0, 0, 0, 0, 
50, 1302, 908, 9, 0, 0, 0, 
50, 1305, 1190, 1, 0, 0, 0, 
50, 1315, 562, 2, 2, 40, 5, 
50, 1321, 723, 15, 0, 0, 0, 
50, 1324, 1308, 12, 7, 3, 1, 
50, 1330, 1354, 8, 8, 107, 4, 
50, 1331, 1559, 9, 9, 10, 1, 
50, 1334, 1436, 24, 0, 0, 0, 
50, 1335, 648, 11, 0, 0, 0, 
50, 1336, 1431, 9, 7, 5, 1, 
50, 1337, 1228, 5, 0, 0, 0, 
50, 1350, 988, 7, 0, 0, 0, 
50, 1355, 1549, 7, 0, 0, 0, 
50, 1357, 397, 20, 20, 515, 5, 
50, 1376, 1014, 5, 0, 0, 0, 
50, 1380, 913, 1, 1, 8, 3, 
50, 1383, 1135, 11, 10, 12, 1, 
50, 1391, 165, 16, 15, 67, 3, 
50, 1408, 580, 2, 1, 1, 2, 
50, 1415, 1241, 0, 0, 0, 0, 
50, 1417, 369, 5, 4, 7, 1, 
50, 1432, 529, 31, 0, 0, 0, 
50, 1439, 1602, 58, 0, 0, 0, 
50, 1443, 1322, 27, 27, 51, 2, 
50, 1445, 749, 10, 9, 40, 3, 
50, 1446, 1536, 4, 0, 0, 0, 
50, 1454, 699, 10, 0, 0, 0, 
50, 1455, 833, 7, 6, 3, 2, 
50, 1467, 1359, 5, 5, 23, 3, 
50, 1475, 467, 22, 0, 0, 0, 
50, 1475, 695, 37, 0, 0, 0, 
50, 1487, 656, 0, 0, 0, 0, 
50, 1489, 1077, 10, 8, 2, 1, 
50, 1510, 1445, 10, 7, 4, 1, 
50, 1511, 688, 20, 20, 29, 2, 
50, 1513, 863, 4, 0, 0, 0, 
50, 1551, 334, 61, 60, 301, 3, 
50, 1552, 242, 4, 3, 1, 3, 
50, 1553, 714, 16, 12, 58, 3, 
50, 1562, 591, 5, 0, 0, 0, 
50, 1579, 626, 0, 0, 0, 0, 
50, 1590, 777, 12, 11, 34, 3, 
50, 1593, 618, 39, 1, 5, 2, 
50, 1604, 437, 24, 0, 0, 0, 
50, 1605, 750, 36, 14, 86, 3, 
50, 1611, 47, 6, 5, 27, 3, 
50, 1618, 35, 10, 0, 0, 0, 
50, 1625, 639, 42, 42, 40, 1, 
50, 1668, 239, 46, 44, 72, 2, 
50, 1712, 334, 21, 0, 0, 0, 
50, 1723, 619, 6, 0, 0, 0, 
50, 1724, 170, 30, 14, 33, 3, 
50, 1727, 367, 2, 2, 72, 5, 
50, 1745, 87, 23, 0, 0, 0, 
50, 1760, 901, 7, 0, 0, 0, 
50, 1763, 409, 0, 0, 0, 0, 
50, 1768, 406, 10, 0, 0, 0, 
50, 1770, 539, 21, 19, 24, 2, 
50, 1776, 576, 35, 31, 30, 2, 
50, 1784, 152, 0, 0, 0, 0, 
50, 1802, 144, 20, 20, 270, 4, 
50, 1805, 703, 32, 26, 26, 1, 
50, 1823, 125, 34, 0, 0, 0, 
50, 1826, 380, 20, 0, 0, 0, 
50, 1848, 139, 68, 66, 74, 1.97, 
50, 1880, 195, 56, 0, 0, 0, 
50, 1888, 177, 6, 0, 0, 0, 
50, 1895, 415, 68, 2, 11, 4, 
50, 1914, 571, 49, 0, 0, 0, 
50, 1915, 217, 2, 2, 9, 2, 
50, 1923, 553, 38, 0, 0, 0, 
55, 105, 1132, 20, 16, 23, 1, 
55, 112, 982, 11, 11, 125, 4, 
55, 193, 1301, 12, 12, 23, 2, 
55, 221, 1037, 53, 53, 243, 3, 
55, 231, 1206, 22, 16, 18, 1, 
55, 238, 1315, 11, 0, 0, 0, 
55, 249, 1049, 3, 3, 46, 4, 
55, 260, 1166, 22, 22, 272, 4, 
55, 273, 1396, 18, 0, 0, 0, 
55, 282, 1151, 13, 13, 70, 3, 
55, 298, 1379, 26, 0, 0, 0, 
55, 338, 1313, 38, 33, 83, 3, 
55, 341, 1512, 11, 11, 51, 3, 
55, 342, 1528, 11, 11, 57, 3, 
55, 344, 1414, 1, 0, 0, 0, 
55, 397, 1506, 0, 0, 0, 0, 
55, 417, 972, 12, 11, 54, 3, 
55, 428, 1024, 15, 15, 234, 4, 
55, 440, 743, 16, 14, 20, 2, 
55, 450, 768, 23, 0, 0, 0, 
55, 454, 1285, 1, 0, 0, 0, 
55, 462, 759, 37, 0, 0, 0, 
55, 479, 1633, 18, 18, 71, 3, 
55, 480, 802, 3, 0, 0, 0, 
55, 483, 1230, 5, 5, 8, 2, 
55, 485, 1383, 2, 0, 0, 0, 
55, 488, 1217, 15, 0, 0, 0, 
55, 489, 1695, 4, 3, 4, 2, 
55, 490, 797, 3, 3, 106, 5, 
55, 510, 1386, 8, 0, 0, 0, 
55, 513, 813, 8, 7, 11, 1, 
55, 522, 1734, 29, 28, 48, 1.89, 
55, 531, 1681, 24, 0, 0, 0, 
55, 531, 1798, 3, 0, 0, 0, 
55, 532, 1805, 7, 7, 7, 1, 
55, 535, 1252, 5, 0, 0, 0, 
55, 537, 1533, 13, 8, 25, 2, 
55, 538, 1745, 13, 0, 0, 0, 
55, 543, 1568, 2, 0, 0, 0, 
55, 552, 1671, 0, 0, 0, 0, 
55, 557, 1242, 46, 46, 43, 1, 
55, 579, 1421, 5, 5, 30, 3, 
55, 581, 975, 11, 0, 0, 0, 
55, 582, 1801, 19, 18, 86, 3, 
55, 585, 852, 23, 22, 35, 2, 
55, 589, 1595, 36, 36, 95, 2, 
55, 597, 1072, 3, 3, 21, 3, 
55, 598, 1294, 54, 0, 0, 0, 
55, 606, 1436, 5, 3, 18, 4, 
55, 619, 1816, 41, 39, 28, 1, 
55, 623, 1607, 71, 0, 0, 0, 
55, 639, 882, 0, 0, 0, 0, 
55, 640, 1261, 9, 5, 3, 1, 
55, 640, 1366, 13, 13, 231, 4, 
55, 653, 888, 4, 0, 0, 0, 
55, 654, 806, 25, 0, 0, 0, 
55, 655, 1246, 16, 0, 0, 0, 
55, 667, 1319, 7, 0, 0, 0, 
55, 670, 523, 13, 0, 0, 0, 
55, 674, 936, 19, 0, 0, 0, 
55, 687, 769, 48, 17, 68, 3, 
55, 694, 1636, 7, 7, 41, 3, 
55, 698, 966, 39, 39, 27, 1, 
55, 706, 446, 10, 9, 10, 1, 
55, 718, 1144, 15, 0, 0, 0, 
55, 720, 1733, 0, 0, 0, 0, 
55, 744, 1647, 8, 0, 0, 0, 
55, 745, 362, 1, 0, 0, 0, 
55, 754, 796, 2, 2, 29, 4, 
55, 764, 1370, 17, 0, 0, 0, 
55, 767, 487, 5, 3, 10, 3, 
55, 769, 916, 28, 28, 111, 3, 
55, 775, 456, 2, 2, 1, 2, 
55, 775, 1524, 61, 61, 47, 1, 
55, 776, 1708, 7, 0, 0, 0, 
55, 777, 835, 9, 4, 1, 1, 
55, 778, 1779, 45, 43, 79, 2, 
55, 781, 1545, 12, 10, 10, 1, 
55, 782, 1613, 2, 1, 2, 2, 
55, 783, 534, 20, 0, 0, 0, 
55, 786, 951, 1, 1, 14, 3, 
55, 820, 1141, 25, 0, 0, 0, 
55, 835, 1089, 20, 0, 0, 0, 
55, 835, 1179, 11, 9, 9, 2, 
55, 842, 760, 10, 0, 0, 0, 
55, 848, 1383, 4, 4, 127, 5, 
55, 862, 409, 29, 29, 60, 2, 
55, 863, 1151, 4, 1, 8, 3, 
55, 866, 1081, 4, 3, 1, 1, 
55, 874, 428, 19, 0, 0, 0, 
55, 874, 1430, 1, 0, 0, 0, 
55, 885, 1349, 12, 0, 0, 0, 
55, 887, 832, 4, 0, 0, 0, 
55, 887, 1018, 25, 25, 44, 2, 
55, 897, 1625, 42, 42, 514, 4, 
55, 898, 1330, 1, 0, 0, 0, 
55, 899, 1747, 34, 32, 104, 2, 
55, 900, 341, 6, 0, 0, 0, 
55, 901, 772, 36, 0, 0, 0, 
55, 907, 368, 34, 33, 24, 1, 
55, 909, 1498, 2, 2, 4, 2, 
55, 911, 1570, 13, 12, 11, 1, 
55, 918, 1258, 10, 0, 0, 0, 
55, 923, 1870, 33, 33, 944, 5, 
55, 926, 1458, 40, 40, 43, 1, 
55, 929, 525, 6, 6, 42, 3, 
55, 937, 566, 21, 21, 18, 1, 
55, 938, 1295, 20, 0, 0, 0, 
55, 940, 622, 2, 1, 3, 3, 
55, 944, 1270, 8, 0, 0, 0, 
55, 948, 1180, 45, 0, 0, 0, 
55, 957, 1242, 17, 0, 0, 0, 
55, 971, 945, 1, 0, 0, 0, 
55, 973, 1416, 12, 0, 0, 0, 
55, 994, 1211, 14, 14, 147, 4, 
55, 1007, 1467, 11, 10, 10, 3, 
55, 1013, 1453, 10, 10, 100, 4, 
55, 1042, 812, 36, 0, 0, 0, 
55, 1048, 1345, 7, 7, 18, 3, 
55, 1051, 313, 2, 0, 0, 0, 
55, 1056, 391, 13, 9, 6, 1, 
55, 1057, 340, 6, 6, 5, 2, 
55, 1062, 1013, 23, 0, 0, 0, 
55, 1065, 1007, 0, 0, 0, 0, 
55, 1069, 810, 1, 1, 27, 5, 
55, 1070, 456, 0, 0, 0, 0, 
55, 1074, 761, 21, 21, 28, 2, 
55, 1085, 1490, 2, 0, 0, 0, 
55, 1093, 1464, 5, 5, 72, 4, 
55, 1102, 1311, 29, 28, 37, 2, 
55, 1105, 958, 3, 3, 9, 3, 
55, 1105, 1473, 1, 0, 0, 0, 
55, 1107, 800, 10, 10, 31, 2, 
55, 1109, 343, 14, 0, 0, 0, 
55, 1111, 1503, 13, 0, 0, 0, 
55, 1119, 1142, 2, 0, 0, 0, 
55, 1120, 1774, 18, 0, 0, 0, 
55, 1144, 422, 3, 3, 13, 2, 
55, 1153, 1216, 5, 5, 37, 3, 
55, 1155, 435, 7, 6, 9, 3, 
55, 1163, 1455, 15, 15, 25, 2, 
55, 1166, 592, 24, 0, 0, 0, 
55, 1172, 1585, 1, 0, 0, 0, 
55, 1176, 1330, 10, 10, 50, 3, 
55, 1194, 1315, 1, 0, 0, 0, 
55, 1196, 919, 11, 9, 53, 3, 
55, 1206, 1421, 2, 2, 15, 3, 
55, 1208, 1341, 11, 11, 32, 3, 
55, 1221, 1509, 110, 110, 255, 2, 
55, 1226, 1173, 1, 0, 0, 0, 
55, 1228, 726, 4, 4, 7, 1, 
55, 1237, 295, 11, 9, 1, 1, 
55, 1237, 1609, 66, 66, 794, 4, 
55, 1242, 604, 1, 1, 2, 2, 
55, 1243, 839, 23, 19, 97, 3, 
55, 1247, 284, 0, 0, 0, 0, 
55, 1251, 350, 11, 10, 37, 3, 
55, 1258, 382, 26, 26, 845, 5, 
55, 1258, 927, 2, 1, 8, 3, 
55, 1261, 840, 20, 20, 830, 5, 
55, 1265, 452, 1, 0, 0, 0, 
55, 1286, 1681, 5, 5, 30, 3, 
55, 1294, 958, 0, 0, 0, 0, 
55, 1298, 160, 15, 0, 0, 0, 
55, 1304, 1052, 4, 1, 3, 2, 
55, 1307, 361, 0, 0, 0, 0, 
55, 1309, 1074, 22, 20, 29, 2, 
55, 1310, 926, 7, 7, 9, 1, 
55, 1314, 1229, 1, 1, 23, 4, 
55, 1331, 401, 10, 9, 47, 2.89, 
55, 1333, 464, 16, 0, 0, 0, 
55, 1340, 567, 19, 19, 197, 4, 
55, 1341, 1555, 8, 6, 12, 1, 
55, 1344, 1370, 9, 9, 44, 3, 
55, 1347, 1547, 1, 0, 0, 0, 
55, 1353, 657, 8, 0, 0, 0, 
55, 1365, 558, 32, 0, 0, 0, 
55, 1379, 1045, 3, 0, 0, 0, 
55, 1387, 941, 7, 6, 17, 1.5, 
55, 1396, 303, 5, 5, 12, 2, 
55, 1400, 830, 38, 0, 0, 0, 
55, 1405, 437, 5, 5, 28, 3, 
55, 1413, 778, 9, 9, 13, 2, 
55, 1420, 1062, 0, 0, 0, 0, 
55, 1424, 859, 27, 27, 21, 2, 
55, 1425, 930, 0, 0, 0, 0, 
55, 1430, 416, 2, 2, 10, 2, 
55, 1432, 1297, 3, 0, 0, 0, 
55, 1446, 826, 18, 15, 20, 1, 
55, 1447, 426, 40, 0, 0, 0, 
55, 1450, 965, 1, 1, 3, 2, 
55, 1463, 472, 9, 7, 11, 1, 
55, 1470, 745, 0, 0, 0, 0, 
55, 1487, 1171, 39, 0, 0, 0, 
55, 1490, 659, 0, 0, 0, 0, 
55, 1492, 679, 5, 0, 0, 0, 
55, 1501, 345, 9, 8, 28, 3, 
55, 1501, 1288, 5, 0, 0, 0, 
55, 1508, 1470, 6, 6, 185, 5, 
55, 1510, 540, 0, 0, 0, 0, 
55, 1512, 373, 9, 0, 0, 0, 
55, 1519, 1508, 0, 0, 0, 0, 
55, 1550, 371, 53, 53, 1600, 5, 
55, 1556, 668, 1, 1, 7, 3, 
55, 1560, 569, 11, 11, 81, 3, 
55, 1566, 439, 10, 7, 17, 1, 
55, 1566, 886, 4, 0, 0, 0, 
55, 1575, 121, 0, 0, 0, 0, 
55, 1578, 204, 14, 14, 15, 2, 
55, 1598, 225, 29, 27, 21, 1, 
55, 1602, 920, 3, 0, 0, 0, 
55, 1604, 344, 3, 1, 2, 1, 
55, 1620, 839, 5, 0, 0, 0, 
55, 1647, 433, 2, 0, 0, 0, 
55, 1673, 835, 25, 0, 0, 0, 
55, 1675, 570, 3, 3, 38, 4, 
55, 1677, 107, 7, 0, 0, 0, 
55, 1680, 76, 46, 0, 0, 0, 
55, 1689, 799, 24, 0, 0, 0, 
55, 1703, 66, 9, 9, 15, 2.78, 
55, 1721, 210, 4, 0, 0, 0, 
55, 1748, 156, 14, 14, 76, 3, 
55, 1750, 712, 4, 0, 0, 0, 
55, 1763, 110, 5, 0, 0, 0, 
55, 1776, 190, 9, 8, 23, 2, 
55, 1816, 754, 28, 28, 107, 3, 
55, 1821, 586, 8, 0, 0, 0, 
55, 1835, 207, 18, 18, 55, 3, 
55, 1872, 196, 31, 0, 0, 0, 
55, 1874, 548, 3, 1, 4, 2, 
60, 166, 1084, 5, 5, 10, 2, 
60, 168, 1119, 10, 0, 0, 0, 
60, 196, 897, 54, 54, 256, 3, 
60, 250, 1100, 4, 3, 5, 3, 
60, 278, 964, 20, 20, 52, 3, 
60, 286, 1305, 29, 27, 88, 2, 
60, 300, 971, 9, 8, 3, 1, 
60, 301, 1011, 24, 24, 394, 4, 
60, 327, 1402, 23, 23, 700, 5, 
60, 336, 1546, 10, 9, 50, 3, 
60, 350, 1486, 5, 5, 35, 3, 
60, 374, 1513, 0, 0, 0, 0, 
60, 386, 1025, 84, 84, 257, 3, 
60, 402, 1291, 19, 3, 7, 1, 
60, 409, 1576, 9, 8, 4, 1, 
60, 416, 1032, 9, 9, 131, 4, 
60, 432, 1214, 1, 1, 2, 3, 
60, 433, 992, 4, 4, 19, 2.5, 
60, 434, 1043, 11, 10, 14, 1, 
60, 455, 1212, 18, 18, 12, 1, 
60, 456, 904, 0, 0, 0, 0, 
60, 456, 1516, 24, 23, 100, 3, 
60, 461, 1335, 50, 0, 0, 0, 
60, 462, 752, 13, 0, 0, 0, 
60, 466, 1461, 0, 0, 0, 0, 
60, 473, 1020, 1, 1, 6, 3, 
60, 480, 1226, 17, 17, 73, 3, 
60, 490, 1758, 2, 2, 1, 1, 
60, 496, 1757, 32, 32, 127, 3, 
60, 526, 828, 4, 4, 6, 2, 
60, 526, 1449, 18, 0, 0, 0, 
60, 529, 1535, 15, 0, 0, 0, 
60, 534, 1800, 39, 39, 1161, 5, 
60, 537, 1470, 3, 0, 0, 0, 
60, 559, 1026, 3, 0, 0, 0, 
60, 588, 1165, 0, 0, 0, 0, 
60, 591, 571, 1, 0, 0, 0, 
60, 593, 1179, 1, 0, 0, 0, 
60, 616, 1458, 3, 0, 0, 0, 
60, 628, 1337, 54, 0, 0, 0, 
60, 628, 1406, 9, 8, 32, 3, 
60, 629, 1739, 13, 13, 55, 3, 
60, 646, 910, 14, 13, 11, 1, 
60, 650, 1345, 1, 1, 18, 4, 
60, 657, 1645, 5, 2, 26, 4, 
60, 665, 1249, 17, 17, 18, 2, 
60, 674, 1694, 14, 14, 42, 2, 
60, 676, 811, 11, 0, 0, 0, 
60, 692, 533, 6, 0, 0, 0, 
60, 707, 1031, 59, 59, 114, 2, 
60, 707, 1311, 12, 9, 14, 2, 
60, 708, 420, 34, 34, 1390, 5, 
60, 715, 997, 28, 0, 0, 0, 
60, 730, 475, 19, 19, 37, 1.95, 
60, 731, 982, 14, 0, 0, 0, 
60, 733, 1139, 55, 1, 4, 2, 
60, 733, 1463, 19, 0, 0, 0, 
60, 738, 1418, 17, 0, 0, 0, 
60, 739, 1484, 15, 15, 224, 4, 
60, 743, 1491, 19, 0, 0, 0, 
60, 752, 1009, 7, 5, 6, 1, 
60, 756, 1620, 56, 53, 33, 1, 
60, 776, 390, 58, 58, 725, 4, 
60, 777, 991, 7, 5, 40, 3, 
60, 782, 804, 13, 13, 5, 1, 
60, 792, 375, 24, 0, 0, 0, 
60, 799, 794, 10, 0, 0, 0, 
60, 800, 1367, 25, 25, 139, 2.92, 
60, 801, 811, 62, 62, 280, 3, 
60, 801, 1259, 8, 0, 0, 0, 
60, 812, 1084, 6, 6, 33, 3, 
60, 822, 922, 14, 0, 0, 0, 
60, 826, 1302, 24, 0, 0, 0, 
60, 827, 1813, 7, 0, 0, 0, 
60, 835, 372, 5, 0, 0, 0, 
60, 866, 384, 1, 0, 0, 0, 
60, 868, 1810, 3, 3, 7, 1, 
60, 870, 1815, 4, 3, 4, 2, 
60, 875, 959, 45, 45, 42, 1, 
60, 877, 1191, 22, 21, 39, 2, 
60, 882, 1827, 9, 9, 3, 1, 
60, 885, 689, 1, 0, 0, 0, 
60, 888, 1295, 21, 20, 63, 1.95, 
60, 898, 1550, 11, 11, 43, 3, 
60, 911, 1155, 8, 8, 15, 2, 
60, 914, 276, 1, 1, 10, 3, 
60, 915, 1645, 13, 12, 72, 3, 
60, 917, 1335, 11, 11, 41, 3, 
60, 936, 594, 4, 0, 0, 0, 
60, 944, 595, 11, 0, 0, 0, 
60, 945, 492, 4, 4, 4, 2, 
60, 945, 1521, 12, 12, 268, 5, 
60, 949, 709, 2, 0, 0, 0, 
60, 953, 290, 1, 0, 0, 0, 
60, 958, 1691, 13, 1, 27, 5, 
60, 966, 1202, 5, 5, 9, 3, 
60, 966, 1705, 8, 8, 26, 2, 
60, 970, 1518, 1, 1, 3, 2, 
60, 973, 755, 12, 12, 66, 3, 
60, 976, 1711, 3, 0, 0, 0, 
60, 986, 600, 31, 1, 1, 2, 
60, 993, 775, 23, 22, 81, 3, 
60, 995, 1068, 56, 55, 160, 2, 
60, 1000, 351, 42, 40, 127, 3, 
60, 1003, 934, 51, 51, 254, 3, 
60, 1006, 1208, 17, 17, 370, 5, 
60, 1008, 939, 4, 0, 0, 0, 
60, 1010, 615, 4, 4, 33, 4, 
60, 1015, 1115, 12, 12, 75, 3, 
60, 1018, 1137, 25, 24, 63, 2, 
60, 1032, 1680, 18, 17, 85, 3, 
60, 1033, 1190, 19, 9, 10, 3, 
60, 1036, 1576, 28, 28, 209, 3, 
60, 1036, 1692, 10, 2, 1, 1, 
60, 1037, 917, 19, 19, 48, 2, 
60, 1039, 1676, 33, 33, 143, 3, 
60, 1046, 1013, 7, 7, 19, 3, 
60, 1049, 711, 17, 0, 0, 0, 
60, 1052, 1550, 7, 7, 58, 4, 
60, 1057, 1288, 15, 15, 40, 2, 
60, 1060, 1571, 4, 0, 0, 0, 
60, 1061, 303, 26, 26, 84, 2, 
60, 1068, 818, 1, 1, 5, 3, 
60, 1069, 674, 8, 7, 13, 2, 
60, 1071, 1765, 4, 0, 0, 0, 
60, 1079, 1494, 4, 2, 5, 2, 
60, 1092, 1412, 32, 25, 10, 1, 
60, 1099, 1524, 3, 0, 0, 0, 
60, 1102, 481, 24, 3, 29, 3, 
60, 1103, 899, 27, 0, 0, 0, 
60, 1103, 1145, 3, 3, 2, 3, 
60, 1106, 1334, 0, 0, 0, 0, 
60, 1107, 887, 43, 43, 149, 2, 
60, 1108, 1106, 31, 26, 327, 4, 
60, 1108, 1200, 2, 0, 0, 0, 
60, 1113, 468, 5, 0, 0, 0, 
60, 1144, 1353, 25, 0, 0, 0, 
60, 1149, 1540, 6, 3, 47, 5, 
60, 1167, 530, 3, 3, 22, 3, 
60, 1167, 1270, 16, 12, 22, 3, 
60, 1174, 1633, 37, 26, 13, 1, 
60, 1184, 376, 24, 23, 12, 1, 
60, 1184, 1215, 4, 0, 0, 0, 
60, 1191, 500, 40, 40, 602, 4, 
60, 1199, 605, 66, 0, 0, 0, 
60, 1212, 568, 1, 1, 3, 3, 
60, 1212, 974, 4, 1, 9, 3, 
60, 1220, 208, 19, 0, 0, 0, 
60, 1275, 630, 0, 0, 0, 0, 
60, 1283, 1140, 39, 38, 137, 3, 
60, 1304, 1105, 56, 0, 0, 0, 
60, 1317, 1192, 3, 0, 0, 0, 
60, 1325, 963, 0, 0, 0, 0, 
60, 1327, 491, 36, 35, 63, 2, 
60, 1343, 225, 6, 0, 0, 0, 
60, 1376, 223, 15, 0, 0, 0, 
60, 1377, 474, 1, 1, 2, 2, 
60, 1377, 752, 25, 0, 0, 0, 
60, 1379, 1273, 4, 0, 0, 0, 
60, 1393, 1593, 5, 5, 3, 1, 
60, 1404, 219, 11, 0, 0, 0, 
60, 1407, 387, 26, 0, 0, 0, 
60, 1420, 645, 14, 14, 364, 5, 
60, 1421, 552, 6, 6, 180, 5, 
60, 1422, 1121, 16, 2, 26, 5, 
60, 1425, 538, 8, 0, 0, 0, 
60, 1426, 844, 1, 0, 0, 0, 
60, 1426, 1347, 2, 2, 11, 2, 
60, 1428, 1323, 41, 38, 41, 1, 
60, 1433, 272, 14, 14, 211, 4, 
60, 1436, 1571, 31, 31, 185, 3, 
60, 1440, 628, 0, 0, 0, 0, 
60, 1442, 985, 51, 51, 213, 3, 
60, 1448, 869, 35, 0, 0, 0, 
60, 1454, 470, 8, 8, 10, 2, 
60, 1455, 1249, 7, 0, 0, 0, 
60, 1458, 950, 7, 4, 7, 1, 
60, 1466, 1367, 9, 7, 18, 2, 
60, 1490, 344, 29, 0, 0, 0, 
60, 1507, 1042, 71, 70, 59, 1, 
60, 1513, 861, 3, 3, 1, 3, 
60, 1513, 872, 1, 1, 10, 2, 
60, 1513, 1106, 33, 31, 62, 2, 
60, 1524, 757, 54, 0, 0, 0, 
60, 1561, 668, 8, 8, 128, 4, 
60, 1579, 774, 0, 0, 0, 0, 
60, 1581, 843, 26, 1, 5, 3, 
60, 1591, 197, 5, 0, 0, 0, 
60, 1593, 530, 7, 6, 3, 1, 
60, 1598, 643, 23, 0, 0, 0, 
60, 1616, 173, 21, 21, 44, 2, 
60, 1648, 448, 13, 0, 0, 0, 
60, 1654, 657, 4, 4, 48, 4, 
60, 1678, 672, 20, 0, 0, 0, 
60, 1686, 310, 19, 0, 0, 0, 
60, 1712, 526, 13, 13, 472, 5, 
60, 1715, 809, 6, 6, 189, 5, 
60, 1740, 797, 28, 23, 19, 1, 
60, 1768, 461, 1, 0, 0, 0, 
60, 1771, 943, 12, 1, 12, 4, 
60, 1785, 692, 14, 0, 0, 0, 
60, 1797, 454, 19, 19, 9, 2, 
60, 1812, 533, 3, 3, 17, 2, 
60, 1824, 415, 27, 27, 40, 2, 
60, 1828, 561, 4, 4, 6, 2, 
60, 1831, 601, 8, 0, 0, 0, 
60, 1848, 437, 2, 2, 40, 4, 
60, 1848, 593, 7, 5, 110, 5, 
60, 1898, 141, 4, 1, 2, 3, 
65, 91, 1020, 1, 0, 0, 0, 
65, 170, 1192, 16, 0, 0, 0, 
65, 184, 1249, 14, 7, 66, 4, 
65, 234, 1347, 12, 11, 13, 2, 
65, 243, 908, 22, 22, 45, 2, 
65, 248, 1301, 20, 20, 147, 3, 
65, 250, 1108, 2, 2, 12, 2, 
65, 254, 1022, 20, 20, 100, 3, 
65, 287, 1116, 43, 43, 240, 3, 
65, 295, 905, 4, 1, 2, 2, 
65, 310, 1018, 23, 0, 0, 0, 
65, 312, 1325, 26, 0, 0, 0, 
65, 318, 1299, 29, 29, 429, 4, 
65, 321, 1410, 22, 0, 0, 0, 
65, 387, 1139, 39, 38, 163, 3, 
65, 391, 1235, 3, 2, 4, 1, 
65, 394, 1204, 35, 34, 51, 1, 
65, 402, 1142, 15, 13, 36, 2, 
65, 422, 1056, 2, 2, 5, 2, 
65, 428, 1482, 5, 5, 32, 3, 
65, 449, 1369, 27, 0, 0, 0, 
65, 462, 942, 3, 0, 0, 0, 
65, 465, 1515, 25, 25, 166, 3, 
65, 480, 808, 1, 1, 5, 2, 
65, 481, 1212, 10, 10, 39, 3, 
65, 497, 893, 21, 0, 0, 0, 
65, 502, 1726, 29, 0, 0, 0, 
65, 520, 1438, 47, 0, 0, 0, 
65, 523, 1564, 0, 0, 0, 0, 
65, 544, 728, 1, 0, 0, 0, 
65, 547, 994, 6, 5, 21, 3, 
65, 560, 1208, 57, 57, 58, 1, 
65, 576, 1000, 3, 0, 0, 0, 
65, 600, 1577, 5, 5, 102, 4, 
65, 614, 1271, 36, 0, 0, 0, 
65, 614, 1515, 9, 0, 0, 0, 
65, 614, 1609, 3, 0, 0, 0, 
65, 614, 1616, 7, 0, 0, 0, 
65, 622, 1180, 57, 57, 167, 2, 
65, 644, 1443, 11, 0, 0, 0, 
65, 664, 1248, 8, 7, 3, 2, 
65, 669, 1319, 13, 13, 61, 3, 
65, 693, 1218, 52, 52, 107, 2, 
65, 709, 1379, 4, 4, 10, 1, 
65, 718, 1594, 14, 0, 0, 0, 
65, 726, 1595, 1, 0, 0, 0, 
65, 730, 1417, 1, 0, 0, 0, 
65, 735, 334, 61, 0, 0, 0, 
65, 735, 1474, 9, 9, 160, 4, 
65, 736, 1516, 1, 1, 9, 3, 
65, 738, 1301, 1, 0, 0, 0, 
65, 738, 1349, 6, 6, 39, 3, 
65, 747, 1173, 22, 0, 0, 0, 
65, 763, 1651, 9, 9, 30, 3, 
65, 765, 805, 6, 5, 13, 1.8, 
65, 770, 1045, 20, 0, 0, 0, 
65, 773, 1751, 7, 1, 24, 5, 
65, 776, 1340, 31, 0, 0, 0, 
65, 782, 1563, 2, 2, 6, 3, 
65, 785, 1052, 1, 1, 4, 3, 
65, 786, 801, 35, 35, 27, 1, 
65, 794, 488, 7, 7, 31, 3, 
65, 813, 1383, 61, 0, 0, 0, 
65, 815, 1074, 19, 0, 0, 0, 
65, 832, 1216, 1, 0, 0, 0, 
65, 832, 1292, 18, 0, 0, 0, 
65, 849, 1666, 9, 9, 45, 2, 
65, 850, 1163, 4, 2, 9, 2, 
65, 853, 426, 16, 0, 0, 0, 
65, 857, 1769, 8, 0, 0, 0, 
65, 859, 876, 3, 0, 0, 0, 
65, 863, 720, 4, 4, 22, 2, 
65, 864, 938, 16, 0, 0, 0, 
65, 869, 1537, 49, 47, 56, 1, 
65, 870, 416, 4, 0, 0, 0, 
65, 886, 1699, 0, 0, 0, 0, 
65, 898, 503, 12, 0, 0, 0, 
65, 902, 751, 10, 0, 0, 0, 
65, 908, 1199, 0, 0, 0, 0, 
65, 912, 575, 2, 0, 0, 0, 
65, 915, 1438, 0, 0, 0, 0, 
65, 932, 647, 2, 2, 57, 5, 
65, 933, 1321, 26, 26, 332, 4, 
65, 935, 1720, 0, 0, 0, 0, 
65, 937, 705, 3, 3, 57, 4, 
65, 941, 1267, 9, 0, 0, 0, 
65, 951, 344, 33, 33, 139, 2.94, 
65, 956, 1145, 4, 0, 0, 0, 
65, 957, 1222, 50, 50, 186, 3, 
65, 962, 392, 17, 17, 80, 3, 
65, 962, 1499, 1, 0, 0, 0, 
65, 963, 414, 6, 6, 56, 3, 
65, 964, 1547, 0, 0, 0, 0, 
65, 969, 1215, 35, 0, 0, 0, 
65, 975, 882, 4, 2, 6, 2, 
65, 988, 1706, 0, 0, 0, 0, 
65, 1000, 698, 6, 3, 2, 2, 
65, 1000, 1614, 1, 0, 0, 0, 
65, 1015, 1718, 8, 7, 28, 2, 
65, 1028, 1046, 3, 3, 17, 3, 
65, 1029, 1723, 14, 0, 0, 0, 
65, 1031, 1754, 25, 25, 737, 5, 
65, 1038, 326, 17, 17, 46, 2, 
65, 1042, 689, 7, 0, 0, 0, 
65, 1057, 211, 22, 0, 0, 0, 
65, 1058, 827, 0, 0, 0, 0, 
65, 1063, 1106, 24, 24, 53, 2, 
65, 1064, 236, 51, 51, 631, 4, 
65, 1064, 676, 15, 14, 10, 1, 
65, 1073, 1309, 5, 0, 0, 0, 
65, 1086, 1220, 4, 4, 100, 5, 
65, 1089, 814, 12, 12, 213, 4, 
65, 1091, 744, 6, 6, 1, 2, 
65, 1097, 1144, 52, 51, 51, 1, 
65, 1099, 1033, 7, 6, 33, 2.83, 
65, 1102, 1365, 7, 6, 28, 2, 
65, 1107, 1562, 3, 3, 9, 2, 
65, 1113, 684, 11, 10, 21, 2, 
65, 1116, 389, 5, 5, 43, 3, 
65, 1121, 1657, 9, 0, 0, 0, 
65, 1127, 648, 20, 19, 64, 3, 
65, 1128, 1467, 36, 0, 0, 0, 
65, 1163, 866, 7, 7, 19, 3, 
65, 1168, 845, 15, 0, 0, 0, 
65, 1169, 1307, 5, 4, 15, 2, 
65, 1172, 860, 3, 3, 11, 4, 
65, 1174, 425, 0, 0, 0, 0, 
65, 1178, 582, 14, 12, 21, 2, 
65, 1186, 1721, 17, 15, 21, 2, 
65, 1188, 295, 1, 0, 0, 0, 
65, 1207, 613, 4, 0, 0, 0, 
65, 1209, 886, 5, 0, 0, 0, 
65, 1211, 1155, 6, 2, 7, 1, 
65, 1213, 403, 12, 11, 10, 1, 
65, 1222, 1598, 0, 0, 0, 0, 
65, 1224, 1614, 32, 31, 118, 3, 
65, 1225, 247, 10, 6, 5, 1, 
65, 1225, 293, 46, 42, 63, 1, 
65, 1226, 320, 6, 0, 0, 0, 
65, 1235, 534, 20, 0, 0, 0, 
65, 1239, 1707, 13, 0, 0, 0, 
65, 1242, 203, 2, 1, 7, 3, 
65, 1245, 748, 2, 0, 0, 0, 
65, 1249, 1017, 9, 1, 16, 4, 
65, 1250, 467, 16, 16, 40, 2, 
65, 1253, 1118, 7, 0, 0, 0, 
65, 1256, 766, 16, 0, 0, 0, 
65, 1257, 547, 9, 9, 38, 3, 
65, 1273, 568, 29, 29, 34, 1, 
65, 1274, 1151, 7, 0, 0, 0, 
65, 1287, 585, 16, 0, 0, 0, 
65, 1289, 999, 0, 0, 0, 0, 
65, 1290, 1453, 3, 1, 4, 1, 
65, 1297, 917, 26, 26, 56, 2, 
65, 1302, 339, 3, 3, 16, 3, 
65, 1304, 153, 8, 0, 0, 0, 
65, 1311, 459, 12, 0, 0, 0, 
65, 1313, 369, 8, 8, 51, 3, 
65, 1315, 661, 5, 3, 16, 2, 
65, 1317, 788, 8, 3, 3, 1, 
65, 1320, 1315, 64, 0, 0, 0, 
65, 1322, 1368, 6, 0, 0, 0, 
65, 1327, 645, 6, 0, 0, 0, 
65, 1328, 296, 8, 0, 0, 0, 
65, 1338, 894, 0, 0, 0, 0, 
65, 1345, 234, 9, 8, 6, 1, 
65, 1353, 1096, 7, 7, 25, 3, 
65, 1354, 1621, 5, 5, 3, 2, 
65, 1362, 217, 11, 11, 58, 3, 
65, 1363, 1419, 0, 0, 0, 0, 
65, 1368, 824, 7, 0, 0, 0, 
65, 1369, 940, 28, 0, 0, 0, 
65, 1375, 462, 5, 5, 33, 3, 
65, 1380, 1408, 11, 0, 0, 0, 
65, 1383, 596, 23, 19, 44, 2, 
65, 1384, 1094, 21, 21, 82, 3, 
65, 1385, 315, 14, 14, 291, 5, 
65, 1385, 1490, 8, 0, 0, 0, 
65, 1393, 969, 61, 54, 71, 2, 
65, 1403, 906, 1, 0, 0, 0, 
65, 1403, 1263, 14, 12, 9, 1.58, 
65, 1406, 947, 0, 0, 0, 0, 
65, 1417, 447, 8, 7, 50, 3, 
65, 1426, 972, 6, 0, 0, 0, 
65, 1428, 1342, 2, 2, 1, 2, 
65, 1431, 329, 20, 20, 154, 3, 
65, 1432, 511, 6, 2, 3, 1, 
65, 1435, 461, 21, 21, 104, 2.9, 
65, 1450, 432, 22, 0, 0, 0, 
65, 1451, 403, 4, 0, 0, 0, 
65, 1451, 445, 8, 8, 49, 3, 
65, 1455, 510, 11, 11, 12, 1, 
65, 1456, 207, 2, 2, 14, 3, 
65, 1459, 1255, 29, 27, 23, 1, 
65, 1472, 1320, 41, 0, 0, 0, 
65, 1485, 763, 3, 0, 0, 0, 
65, 1489, 719, 7, 7, 11, 3, 
65, 1499, 244, 19, 17, 22, 1, 
65, 1504, 241, 2, 2, 17, 3, 
65, 1505, 950, 9, 9, 127, 4, 
65, 1512, 679, 19, 19, 53, 2, 
65, 1512, 1090, 42, 6, 117, 4, 
65, 1524, 366, 11, 0, 0, 0, 
65, 1526, 1353, 6, 0, 0, 0, 
65, 1536, 208, 2, 2, 2, 2, 
65, 1540, 288, 10, 6, 14, 2, 
65, 1544, 502, 2, 2, 17, 4, 
65, 1556, 200, 10, 0, 0, 0, 
65, 1556, 215, 32, 20, 10, 1, 
65, 1559, 379, 0, 0, 0, 0, 
65, 1561, 791, 16, 16, 209, 4, 
65, 1592, 500, 0, 0, 0, 0, 
65, 1599, 482, 13, 9, 11, 1, 
65, 1611, 386, 27, 0, 0, 0, 
65, 1652, 421, 45, 45, 85, 1, 
65, 1663, 469, 11, 9, 7, 1, 
65, 1681, 78, 9, 0, 0, 0, 
65, 1709, 833, 5, 0, 0, 0, 
65, 1725, 185, 12, 3, 3, 2, 
65, 1739, 631, 3, 3, 28, 3, 
65, 1783, 535, 4, 4, 10, 3, 
65, 1786, 207, 10, 0, 0, 0, 
65, 1792, 557, 3, 0, 0, 0, 
65, 1832, 730, 4, 4, 5, 1.75, 
65, 1836, 207, 3, 0, 0, 0, 
65, 1875, 769, 0, 0, 0, 0, 
65, 1885, 312, 8, 8, 127, 4, 
65, 1889, 590, 1, 1, 15, 3, 
70, 86, 1125, 17, 0, 0, 0, 
70, 129, 991, 26, 0, 0, 0, 
70, 143, 1080, 2, 0, 0, 0, 
70, 150, 1026, 15, 0, 0, 0, 
70, 163, 1118, 12, 12, 17, 1, 
70, 183, 1280, 69, 67, 210, 2, 
70, 184, 1181, 32, 0, 0, 0, 
70, 215, 1399, 2, 0, 0, 0, 
70, 282, 984, 3, 0, 0, 0, 
70, 282, 1231, 58, 0, 0, 0, 
70, 299, 1217, 17, 10, 34, 2, 
70, 300, 1381, 2, 2, 49, 5, 
70, 315, 1071, 17, 0, 0, 0, 
70, 329, 1057, 25, 4, 23, 3, 
70, 330, 1547, 41, 0, 0, 0, 
70, 342, 1457, 44, 44, 146, 3, 
70, 348, 1318, 2, 0, 0, 0, 
70, 356, 1032, 8, 4, 13, 1, 
70, 388, 1483, 14, 0, 0, 0, 
70, 392, 1143, 14, 13, 74, 3, 
70, 402, 1522, 5, 5, 17, 2, 
70, 413, 1031, 16, 16, 30, 3, 
70, 421, 1253, 6, 0, 0, 0, 
70, 421, 1339, 1, 0, 0, 0, 
70, 426, 1477, 15, 0, 0, 0, 
70, 428, 1023, 3, 3, 7, 2, 
70, 457, 796, 0, 0, 0, 0, 
70, 479, 1196, 37, 37, 175, 3, 
70, 481, 1358, 11, 0, 0, 0, 
70, 490, 838, 17, 0, 0, 0, 
70, 496, 1337, 27, 27, 69, 2, 
70, 505, 1191, 9, 0, 0, 0, 
70, 511, 1043, 6, 6, 8, 1, 
70, 511, 1799, 10, 10, 145, 4, 
70, 538, 1095, 12, 12, 18, 1, 
70, 543, 1428, 15, 0, 0, 0, 
70, 547, 990, 2, 0, 0, 0, 
70, 564, 1363, 25, 0, 0, 0, 
70, 593, 827, 2, 1, 5, 3, 
70, 599, 1812, 11, 11, 157, 4, 
70, 606, 1809, 39, 37, 52, 2, 
70, 610, 723, 18, 18, 24, 1, 
70, 611, 589, 28, 27, 49, 2, 
70, 611, 873, 1, 0, 0, 0, 
70, 612, 1527, 0, 0, 0, 0, 
70, 625, 1435, 7, 0, 0, 0, 
70, 626, 1317, 29, 28, 68, 2, 
70, 629, 1356, 6, 6, 180, 5, 
70, 630, 1070, 3, 0, 0, 0, 
70, 631, 926, 9, 9, 27, 2, 
70, 631, 1155, 73, 40, 172, 3, 
70, 633, 1083, 46, 12, 39, 1.92, 
70, 633, 1231, 15, 15, 75, 3, 
70, 663, 994, 0, 0, 0, 0, 
70, 673, 744, 17, 13, 9, 1, 
70, 677, 1346, 24, 3, 10, 3, 
70, 687, 1186, 24, 0, 0, 0, 
70, 694, 1730, 8, 0, 0, 0, 
70, 709, 1278, 9, 9, 8, 1.22, 
70, 712, 1441, 5, 5, 33, 3, 
70, 712, 1472, 36, 36, 50, 1, 
70, 725, 1035, 0, 0, 0, 0, 
70, 728, 1695, 3, 0, 0, 0, 
70, 730, 360, 35, 0, 0, 0, 
70, 730, 1608, 10, 8, 4, 1, 
70, 733, 1747, 5, 0, 0, 0, 
70, 734, 1166, 5, 0, 0, 0, 
70, 736, 984, 9, 1, 2, 2, 
70, 737, 499, 24, 16, 16, 1, 
70, 737, 841, 41, 40, 60, 1, 
70, 742, 1318, 11, 11, 32, 3, 
70, 752, 1504, 44, 0, 0, 0, 
70, 768, 460, 15, 13, 24, 2, 
70, 768, 965, 14, 0, 0, 0, 
70, 769, 525, 23, 23, 109, 3, 
70, 772, 804, 10, 10, 58, 3, 
70, 788, 1686, 13, 0, 0, 0, 
70, 810, 1420, 1, 0, 0, 0, 
70, 810, 1423, 2, 0, 0, 0, 
70, 825, 1119, 6, 6, 6, 2, 
70, 827, 320, 12, 0, 0, 0, 
70, 827, 1024, 48, 45, 42, 1, 
70, 833, 404, 72, 72, 57, 1, 
70, 841, 1523, 6, 6, 17, 2, 
70, 843, 1634, 5, 0, 0, 0, 
70, 845, 1292, 4, 0, 0, 0, 
70, 849, 948, 5, 5, 34, 3, 
70, 852, 952, 13, 0, 0, 0, 
70, 852, 1222, 0, 0, 0, 0, 
70, 856, 952, 19, 0, 0, 0, 
70, 856, 1591, 37, 0, 0, 0, 
70, 862, 996, 19, 18, 8, 2, 
70, 862, 1786, 9, 9, 43, 3, 
70, 867, 1034, 9, 5, 8, 2, 
70, 869, 709, 2, 0, 0, 0, 
70, 871, 1058, 68, 68, 315, 3, 
70, 873, 1812, 4, 4, 6, 3, 
70, 880, 780, 5, 0, 0, 0, 
70, 881, 1332, 18, 18, 57, 3, 
70, 885, 710, 28, 28, 37, 1, 
70, 886, 672, 28, 0, 0, 0, 
70, 889, 571, 6, 1, 7, 3, 
70, 893, 1287, 15, 0, 0, 0, 
70, 915, 697, 58, 0, 0, 0, 
70, 921, 1242, 14, 0, 0, 0, 
70, 927, 1708, 5, 2, 1, 1, 
70, 934, 1391, 43, 41, 66, 2, 
70, 937, 716, 41, 0, 0, 0, 
70, 943, 305, 13, 11, 15, 1, 
70, 949, 370, 8, 0, 0, 0, 
70, 950, 1010, 17, 16, 79, 2, 
70, 957, 1131, 1, 0, 0, 0, 
70, 962, 1036, 5, 0, 0, 0, 
70, 964, 345, 52, 0, 0, 0, 
70, 981, 1234, 10, 0, 0, 0, 
70, 982, 269, 14, 14, 95, 3, 
70, 983, 1740, 20, 20, 73, 3, 
70, 985, 1584, 53, 0, 0, 0, 
70, 992, 1296, 4, 0, 0, 0, 
70, 1010, 618, 21, 7, 29, 3, 
70, 1018, 1491, 19, 0, 0, 0, 
70, 1026, 386, 18, 0, 0, 0, 
70, 1035, 830, 0, 0, 0, 0, 
70, 1042, 453, 9, 9, 28, 3, 
70, 1048, 1812, 18, 18, 128, 2.94, 
70, 1066, 1303, 22, 0, 0, 0, 
70, 1069, 327, 15, 0, 0, 0, 
70, 1071, 1491, 26, 24, 38, 1, 
70, 1082, 1462, 6, 6, 13, 2, 
70, 1089, 1088, 9, 9, 56, 3, 
70, 1091, 766, 0, 0, 0, 0, 
70, 1093, 1155, 0, 0, 0, 0, 
70, 1099, 408, 9, 8, 27, 3, 
70, 1104, 967, 15, 12, 28, 1.92, 
70, 1113, 993, 29, 0, 0, 0, 
70, 1117, 1619, 18, 0, 0, 0, 
70, 1124, 629, 13, 0, 0, 0, 
70, 1132, 1703, 8, 8, 44, 3, 
70, 1133, 1587, 5, 5, 145, 5, 
70, 1139, 935, 0, 0, 0, 0, 
70, 1141, 1364, 16, 16, 78, 3, 
70, 1178, 1714, 0, 0, 0, 0, 
70, 1180, 517, 11, 2, 3, 1, 
70, 1202, 893, 1, 0, 0, 0, 
70, 1215, 1449, 18, 0, 0, 0, 
70, 1219, 1645, 2, 0, 0, 0, 
70, 1220, 1099, 15, 0, 0, 0, 
70, 1221, 792, 0, 0, 0, 0, 
70, 1226, 790, 41, 0, 0, 0, 
70, 1233, 1250, 1, 0, 0, 0, 
70, 1238, 1311, 7, 7, 35, 2, 
70, 1242, 394, 1, 0, 0, 0, 
70, 1249, 831, 14, 0, 0, 0, 
70, 1255, 722, 0, 0, 0, 0, 
70, 1262, 1288, 1, 0, 0, 0, 
70, 1263, 404, 2, 0, 0, 0, 
70, 1263, 1289, 10, 0, 0, 0, 
70, 1265, 335, 10, 10, 27, 3, 
70, 1269, 1655, 24, 24, 25, 2, 
70, 1271, 948, 3, 0, 0, 0, 
70, 1276, 1642, 13, 10, 30, 2, 
70, 1280, 1476, 36, 0, 0, 0, 
70, 1286, 1161, 9, 0, 0, 0, 
70, 1299, 1482, 14, 13, 36, 3, 
70, 1300, 317, 12, 7, 2, 1, 
70, 1320, 1121, 21, 0, 0, 0, 
70, 1329, 616, 5, 0, 0, 0, 
70, 1329, 1158, 3, 3, 61, 4, 
70, 1343, 279, 12, 12, 73, 3, 
70, 1358, 328, 14, 0, 0, 0, 
70, 1360, 553, 15, 0, 0, 0, 
70, 1362, 1471, 17, 0, 0, 0, 
70, 1364, 1115, 10, 10, 16, 1, 
70, 1368, 584, 32, 0, 0, 0, 
70, 1376, 1156, 5, 1, 1, 1, 
70, 1383, 312, 34, 34, 67, 2, 
70, 1388, 253, 8, 8, 17, 1.88, 
70, 1391, 790, 41, 0, 0, 0, 
70, 1402, 856, 7, 6, 2, 1, 
70, 1409, 821, 6, 6, 279, 5, 
70, 1412, 691, 7, 7, 16, 1.29, 
70, 1421, 1285, 2, 0, 0, 0, 
70, 1426, 532, 11, 0, 0, 0, 
70, 1440, 606, 2, 2, 39, 5, 
70, 1446, 1050, 1, 0, 0, 0, 
70, 1446, 1051, 3, 3, 21, 3, 
70, 1448, 1303, 3, 3, 8, 3, 
70, 1452, 1424, 8, 0, 0, 0, 
70, 1454, 894, 52, 0, 0, 0, 
70, 1455, 842, 8, 8, 25, 2, 
70, 1455, 1601, 6, 0, 0, 0, 
70, 1457, 256, 30, 0, 0, 0, 
70, 1457, 1469, 3, 0, 0, 0, 
70, 1465, 1591, 9, 0, 0, 0, 
70, 1466, 387, 9, 8, 6, 1, 
70, 1479, 1005, 13, 2, 64, 5, 
70, 1481, 939, 13, 13, 8, 1, 
70, 1486, 363, 1, 0, 0, 0, 
70, 1493, 341, 35, 33, 59, 1, 
70, 1516, 326, 4, 4, 113, 5, 
70, 1522, 953, 11, 11, 64, 3, 
70, 1526, 501, 26, 0, 0, 0, 
70, 1544, 453, 17, 17, 29, 1, 
70, 1546, 325, 10, 10, 40, 2, 
70, 1550, 478, 39, 36, 28, 1, 
70, 1562, 146, 9, 0, 0, 0, 
70, 1568, 422, 55, 0, 0, 0, 
70, 1592, 599, 13, 7, 3, 1, 
70, 1607, 513, 16, 1, 1, 3, 
70, 1612, 457, 1, 1, 2, 1, 
70, 1620, 346, 3, 0, 0, 0, 
70, 1634, 442, 16, 15, 20, 1, 
70, 1646, 46, 6, 6, 4, 1, 
70, 1650, 766, 32, 32, 15, 1, 
70, 1683, 225, 4, 3, 16, 2, 
70, 1683, 850, 0, 0, 0, 0, 
70, 1705, 656, 18, 18, 16, 2, 
70, 1726, 240, 1, 1, 2, 2, 
70, 1749, 460, 35, 34, 40, 1, 
70, 1763, 400, 24, 24, 114, 3, 
70, 1768, 469, 52, 4, 69, 5, 
70, 1769, 455, 13, 12, 24, 2, 
70, 1779, 491, 1, 0, 0, 0, 
70, 1795, 587, 9, 9, 34, 2, 
70, 1823, 155, 25, 25, 29, 1, 
70, 1840, 86, 6, 0, 0, 0, 
70, 1925, 340, 17, 16, 10, 1, 
