Time,EcoName,NumActiveSites,AboveGroundBiomass_abiebals,AboveGroundBiomass_acerrubr,AboveGroundBiomass_acersacc,AboveGroundBiomass_betualle,AboveGroundBiomass_betupapy,AboveGroundBiomass_carycord,AboveGroundBiomass_caryovat,AboveGroundBiomass_castdent,AboveGroundBiomass_fagugran,AboveGroundBiomass_fraxamer,AboveGroundBiomass_fraxnigr,AboveGroundBiomass_fraxpenn,AboveGroundBiomass_piceglau,AboveGroundBiomass_picemari,AboveGroundBiomass_pinubank,AboveGroundBiomass_pinuresi,AboveGroundBiomass_pinustro,AboveGroundBiomass_pinusylv,AboveGroundBiomass_popubals,AboveGroundBiomass_popugran,AboveGroundBiomass_poputrem,AboveGroundBiomass_prunsero,AboveGroundBiomass_queralba,AboveGroundBiomass_quercocc,AboveGroundBiomass_querelli,AboveGroundBiomass_querfalc,AboveGroundBiomass_quermacr,AboveGroundBiomass_querrubr,AboveGroundBiomass_quervelu,AboveGroundBiomass_thujocci,AboveGroundBiomass_tiliamer,AboveGroundBiomass_tsugcana,AboveGroundBiomass_ulmuamer,
0, water, 0, NaN, NaN, NaN, NaN, NaN, NaN, NaN, NaN, NaN, NaN, NaN, NaN, NaN, NaN, NaN, NaN, NaN, NaN, NaN, NaN, NaN, NaN, NaN, NaN, NaN, NaN, NaN, NaN, NaN, NaN, NaN, NaN, NaN, 
0, Eco1036, 22976, 166.392670612813, 640.701949860724, 406.204952994429, 27.8520630222841, 137.782729805014, 0, 0, 0, 88.7396413649025, 36.5665912256267, 31.7435584958217, 35.4842009052925, 146.696161211699, 103.654465529248, 362.706302228412, 695.963918871866, 614.994211350975, 21.3242949164345, 57.5082694986072, 476.52929143454, 501.201122910863, 157.982111768802, 248.437108286908, 0, 243.285732938719, 0, 0, 535.519063370474, 170.43205954039, 212.559192200557, 58.6669568245125, 44.830301183844, 23.9576949860724, 
0, Eco1064, 31400, 175.926942675159, 675.368598726115, 440.224044585987, 30.5036942675159, 139.669522292994, 0, 0, 0, 103.391401273885, 37.4564968152866, 32.3727388535032, 35.1716878980892, 140.822388535032, 102.712261146497, 591.495063694268, 1023.47503184713, 784.780796178344, 36.8390127388535, 59.044203821656, 471.825987261147, 517.322738853503, 222.931560509554, 356.901560509554, 0, 335.347229299363, 0, 0, 687.992961783439, 241.342675159236, 187.989044585987, 61.1691719745223, 52.3892993630573, 23.4119426751592, 
0, Eco1072, 24468, 207.5787150564, 692.688000653915, 401.227726009482, 29.6145986594736, 154.024521824424, 0, 0, 0, 96.9033022723557, 41.6850989046918, 40.0528854013405, 40.5466323361125, 164.990068661108, 110.268432238025, 591.370279548798, 1023.80823933301, 791.634216119013, 37.1392839627268, 68.6089586398561, 529.122241294752, 573.080799411476, 230.959661598823, 381.944703285924, 0, 326.179254536538, 0, 0, 728.417811018473, 239.624693477195, 230.283962726827, 64.4919077979402, 44.3067271538336, 29.502411312735, 
0, Eco1078, 43371, 227.412257038113, 857.374236240806, 403.475824859929, 45.8980885845381, 190.874685849992, 0, 0, 0, 105.31415000807, 47.4137787922806, 58.1142468469715, 58.8330451223168, 187.788614512001, 164.673791242996, 318.032832999009, 690.782873348551, 744.644024809204, 20.3326646837749, 74.9054667865625, 560.094971294183, 620.438472712181, 205.274492172189, 467.724885292015, 0, 327.862119849669, 0, 0, 984.255470245095, 276.454750870397, 338.371838325148, 75.238108413456, 56.5419519955731, 39.3259551313089, 
0, Eco1083, 29065, 249.460072251849, 830.723241011526, 548.008739033201, 44.2523997935661, 196.934078788921, 0, 0, 0, 139.897987269912, 54.3449853776019, 52.893514536384, 54.8981592981249, 201.368966110442, 159.539927748151, 230.158782040255, 590.256356442457, 689.26771030449, 10.6507483227249, 90.1461551694478, 664.489110614141, 693.051505246861, 207.856287631172, 486.476242903836, 0, 294.068295200413, 0, 0, 1014.50225356959, 292.798451746086, 331.904524341992, 89.6002064338551, 68.9805952176157, 37.693583347669, 
0, Eco1090, 17774, 217.563576009902, 762.982896365478, 462.532688196242, 30.6477438955778, 181.07100258805, 0, 0, 0, 117.027174524586, 52.4230899066052, 37.8015078204118, 44.2027118262631, 171.18093844942, 114.925452908743, 307.947001237763, 647.011871272645, 709.705693709913, 14.9795206481377, 82.5877686508383, 674.211882525037, 652.651682232474, 200.029256216946, 684.830876561269, 0, 354.900585124339, 0, 0, 1334.71779003038, 365.069764825025, 240.449701811635, 78.6124113874198, 51.6613030268932, 27.6784629233712, 
0, Eco1102, 28203, 303.320214161614, 932.049640109208, 633.09612452576, 90.4311243484736, 256.419246179484, 0, 0, 0, 160.473034783534, 65.8072900046094, 88.7909087685707, 79.7288231748396, 263.482537318725, 261.397900932525, 155.989540119845, 475.987554515477, 638.59327021948, 10.309612452576, 95.7921143140801, 649.17501684218, 753.88699783711, 212.269616707442, 420.299436230188, 0, 242.267666560295, 0, 0, 1003.55820302805, 230.207956600362, 557.527036130908, 124.214516186221, 92.0637520831117, 55.4773251072581, 
0, Eco1133, 32205, 328.390560471976, 924.980593075609, 679.658407079646, 100.438627542307, 305.168421052632, 0, 0, 0, 203.214780313616, 74.6040676913523, 103.723179630492, 89.2802359882006, 303.269833876727, 291.697469337059, 148.043906225741, 408.623536717901, 634.156093774259, 9.56165191740413, 110.337214718211, 671.534885887285, 817.749231485794, 253.752088185064, 437.779537338923, 0, 249.634342493402, 0, 0, 1020.32535320602, 239.803881384878, 608.717931998137, 130.029001707809, 92.7426176059618, 64.5840397453811, 
0, Eco1226, 23275, 547.823931256713, 813.885155746509, 317.942427497315, 121.800128893663, 555.236004296455, 0, 0, 0, 123.115145005371, 70.6947798066595, 159.030290010741, 124.815639097744, 728.4891084855, 930.015725026853, 162.177443609023, 496.440214822771, 763.007346938776, 13.035574650913, 151.959957035446, 654.822427497315, 1032.45886143931, 281.569538131042, 333.698174006445, 0, 256.145606874329, 0, 0, 795.535810955961, 193.8683566058, 1545.31071965628, 110.382599355532, 80.5945005370569, 72.5193984962406, 
0, Eco1441, 19294, 756.302995749974, 695.355861925987, 137.692650564942, 134.728516637297, 739.79408106147, 0, 0, 0, 47.5894060329636, 53.4735669119934, 206.105784181611, 129.974137037421, 1304.94557893646, 2031.71322690992, 120.084845029543, 389.206385404789, 811.502695138385, 6.38084378563284, 275.66279672437, 391.458899139629, 1328.4209598839, 278.450710065305, 175.007256141806, 0, 147.653674717529, 0, 0, 437.867575412045, 116.094122525137, 3191.47061262569, 78.7916969005909, 88.0249300300612, 71.9796309733596, 
0, Eco2036, 20223, 161.446026801167, 640.467685308807, 789.350195322158, 40.0695742471443, 142.071997230876, 0, 0, 0, 181.840676457499, 49.0177026158335, 24.0107798051723, 28.9762152005143, 126.505315729615, 86.2846758641151, 287.782870988478, 541.503387232359, 530.265934826682, 14.2860604262473, 54.0585471987341, 466.459279038718, 458.033031696583, 168.474064184345, 274.735696978688, 0, 240.78875537754, 0, 0, 619.447164120061, 173.513573653761, 202.874697127034, 93.7179943628542, 71.1720812935766, 22.1938881471592, 
0, Eco2064, 44285, 163.245320085808, 705.895901546799, 577.11525347183, 26.5128598848369, 129.205193632155, 0, 0, 0, 146.37522863272, 39.6403071017274, 22.2734786044936, 26.30556621881, 130.6344586203, 77.6147905611381, 542.064604267811, 1034.98342553912, 830.003725866546, 29.8437394151519, 45.3917579315795, 474.513966354296, 477.236874788303, 238.556238003839, 392.556576718979, 0, 376.235519927741, 0, 0, 774.494772496331, 269.660155808965, 140.949508863046, 72.1369086598171, 60.8643558767077, 17.9360957434797, 
0, Eco2072, 19716, 206.227277338202, 728.331405964699, 877.742544126598, 55.4753499695679, 166.773990667478, 0, 0, 0, 218.642625278961, 54.3125887603976, 36.7669405558937, 36.2605498072631, 171.877206329884, 124.575877459931, 336.051075268817, 718.127713532157, 674.45135930209, 19.9984783931832, 66.2017650639075, 569.291286264962, 562.831963887198, 229.514303104078, 401.810914992899, 0, 313.439085007101, 0, 0, 899.753093933861, 247.742594846825, 244.071667681071, 113.164282815987, 74.7164739298032, 27.6214242239805, 
0, Eco2078, 29673, 204.516260573585, 732.433559127827, 977.656421662791, 41.4630135139689, 171.154787180265, 0, 0, 0, 219.439355643177, 57.579988541772, 34.9254878172076, 40.0215684292117, 158.273480942271, 114.669160516294, 320.807872476662, 731.473157415833, 718.047349442254, 23.2209078960671, 64.2353317831025, 575.579853739089, 564.672631685371, 238.542547096687, 447.350823981397, 0, 296.628247902133, 0, 0, 990.689482020692, 261.252283220436, 235.836686550062, 141.494152933643, 74.3256495804267, 28.9978431570788, 
0, Eco2083, 40707, 240.522096936645, 726.324956395706, 1610.74608789643, 102.455892107009, 177.568968482079, 0, 0, 0, 368.659174097821, 77.0977718819859, 33.1121428746899, 32.9131353329894, 158.028373498416, 117.808190237551, 257.388090500405, 638.013560321321, 672.346770825657, 13.9679907632594, 61.4661851769966, 561.367823715823, 546.257449578697, 280.963077603361, 268.470778981502, 0, 245.109661728941, 0, 0, 762.471000073697, 170.131672685288, 248.876311199548, 195.831331220675, 138.486378264181, 31.5987913626649, 
0, Eco2090, 19188, 239.842193037315, 732.032572441109, 932.933552220138, 40.9279237023139, 190.519595580571, 0, 0, 0, 220.642484886387, 59.0711382113821, 31.0616531165312, 39.4550239733167, 188.758807588076, 112.576506149677, 322.466958515739, 764.10433604336, 810.866583281217, 18.8894621638524, 82.6107462997707, 661.754586199708, 648.889514279758, 247.495361684386, 451.306910569106, 0, 334.253231186158, 0, 0, 1027.8339587242, 282.42698561601, 233.484156764645, 126.077913279133, 81.7912757973734, 27.4156243485512, 
0, Eco2102, 26949, 268.594715944933, 737.755167167613, 1848.93903298824, 231.251846079632, 214.452929607778, 0, 0, 0, 457.170433040187, 87.811236038443, 65.6854057664477, 47.4352295075884, 214.010909495714, 117.490593342981, 128.357675609485, 357.494860662733, 505.11903966752, 10.3823518497903, 88.4605365690749, 591.740324316301, 587.401424913726, 293.995287394708, 355.999109428921, 0, 188.763145200193, 0, 0, 992.719321681695, 174.242680618947, 339.750825633604, 246.872054621693, 177.004601283907, 40.0844929310921, 
0, Eco2133, 29721, 333.37054607853, 786.102856566064, 1619.3205141146, 131.307459372161, 263.189865751489, 0, 0, 0, 504.972410080415, 95.5786144476969, 61.4038895057367, 58.9067999057905, 267.530029272232, 192.787927727869, 131.049459977793, 400.490764106188, 620.884727970122, 8.59617778675011, 92.1059520204569, 657.522055112547, 707.14827899465, 343.681134551327, 291.227381312876, 0, 215.360687729215, 0, 0, 955.416977894418, 165.731603916423, 406.90461289997, 225.457656202685, 141.24168096632, 50.2202819555197, 
0, Eco2226, 18597, 630.46679571974, 722.28536860784, 388.379254718503, 120.667527020487, 618.837984621175, 0, 0, 0, 145.710706027854, 67.180136581169, 158.481475506802, 121.012905307308, 912.355379899984, 1375.15034683013, 142.405280421573, 429.92251438404, 866.310802817659, 9.22025057805022, 159.889498306178, 467.416948970264, 1002.545840727, 296.90288756251, 194.270473732322, 0, 200.643222025058, 0, 0, 543.095875678873, 132.755928375544, 2215.00016131634, 100.956605904178, 91.5343872667635, 68.7884067322686, 
0, Eco2441, 21704, 787.51027460376, 609.047272392186, 203.948488757833, 132.958486914854, 713.12675082934, 0, 0, 0, 65.8105418356063, 51.6404349428677, 214.346249539255, 136.300635827497, 1447.74944710652, 2089.85689273867, 111.500921489126, 350.455215628456, 839.164762255805, 8.15665315149281, 344.915269074825, 392.188214154073, 1412.72779211205, 315.93323811279, 176.357906376705, 0, 160.083993733874, 0, 0, 441.172917434574, 114.616798746775, 3220.88545890159, 87.3537596756358, 84.6948028013269, 62.3110947290822, 
0, Eco3036, 44627, 107.366728662021, 831.726779752168, 315.918748739552, 25.6867367288861, 122.180182400789, 0, 0, 0, 97.7707665762879, 36.3095659578282, 25.030788536088, 39.8030564456495, 92.0263741681045, 56.2531427162928, 205.359939050351, 540.169448988281, 636.815448047146, 8.73332287628566, 36.3894503327582, 451.300625182065, 374.846751966298, 194.902794272526, 642.92401460999, 0, 400.975866627826, 0, 0, 1276.86086898066, 409.310596723956, 115.785511013512, 44.1984000717055, 39.4894122392274, 21.1734376050373, 
0, Eco3064, 49056, 135.192066210046, 861.960616438356, 953.980328604044, 44.2896077951729, 151.659776581866, 0, 0, 0, 258.121738421396, 61.19757012394, 24.8426084474886, 40.8684972276582, 97.2829215590346, 63.5454582517939, 210.599376223092, 577.001875407697, 687.867049902153, 9.93073222439661, 43.9954337899543, 517.733916340509, 444.821387801696, 272.17567677756, 634.64858529028, 0, 380.389187866928, 0, 0, 1420.73640329419, 368.317901989563, 130.400195694716, 121.342628832355, 83.7422537508154, 38.6426125244618, 
0, Eco3072, 78331, 155.363317205193, 826.759341767627, 1129.32204363534, 46.7984578264033, 168.749447855894, 0, 0, 0, 313.485108067049, 67.7895979880252, 26.8433315034916, 43.5329307681505, 113.114501283017, 65.6011157779168, 258.194597285877, 691.663900626827, 752.596941185482, 11.7349708289183, 53.8807879383641, 603.406658921755, 519.663287842617, 310.398858689408, 489.156566365807, 0, 353.452732634589, 0, 0, 1145.73258352376, 304.99523815603, 129.735175090322, 127.146570323371, 98.0370479120655, 39.2665866642836, 
0, Eco3078, 18625, 147.154953020134, 851.110657718121, 1274.03323489933, 57.5613422818792, 163.097073825503, 0, 0, 0, 337.880322147651, 66.1303624161074, 29.7221476510067, 44.5885100671141, 108.983194630872, 79.4554093959731, 180.096268456376, 447.299275167785, 608.049234899329, 7.57836241610738, 44.1823355704698, 560.401932885906, 449.824268456376, 277.415731543624, 622.74244295302, 0, 353.109369127517, 0, 0, 1430.35532885906, 356.916348993289, 169.586684563758, 151.622604026846, 104.456805369128, 34.9877046979866, 
0, Eco3083, 29143, 175.760079607453, 861.348660055588, 971.365370757987, 51.7606629379268, 178.946916926878, 0, 0, 0, 265.200597055897, 62.8673437875305, 37.4726692516213, 55.9881618227362, 126.264557526679, 72.2560134509145, 191.886593693168, 504.06310263185, 631.26719967059, 9.04460762447243, 70.8803829392993, 647.060769309954, 551.632844937035, 257.406649967402, 637.431595923549, 0, 351.66969769756, 0, 0, 1516.42596850015, 344.003397042171, 174.627148886525, 132.29173386405, 90.5063994784339, 41.3481110386714, 
0, Eco3090, 21037, 198.187859485668, 914.631601464087, 814.796691543471, 51.7237248657128, 197.765080572325, 0, 0, 0, 237.694823406379, 68.3854161715073, 48.7833341255882, 73.1659932499881, 154.093264248705, 107.237866615962, 163.523648809241, 436.713029424348, 617.499310738223, 9.21980320387888, 79.0735371012977, 707.844559585492, 664.670200123592, 253.543851309597, 663.067642724723, 0, 324.058325806912, 0, 0, 1500.13823263773, 348.315301611447, 241.774920378381, 112.985596805628, 82.6925417122213, 52.4008176070733, 
0, Eco3102, 15890, 248.822466960352, 1040.97262429201, 776.739521711768, 112.524669603524, 254.899937067338, 0, 0, 0, 217.87608558842, 68.8186910006293, 107.388923851479, 143.515921963499, 203.096349905601, 203.901321585903, 116.733039647577, 327.6122718691, 538.490560100692, 4.28281938325991, 97.140213971051, 526.840213971051, 678.200881057269, 265.011327879169, 534.410509754563, 0, 298.286217747011, 0, 0, 1271.14606670862, 287.808999370673, 464.24203901825, 143.412523599748, 98.7617998741347, 75.6798615481435, 
0, Eco3133, 13632, 236.382629107981, 911.774207746479, 1268.09793133803, 91.2613703051643, 250.550982981221, 0, 0, 0, 418.610768779343, 87.356073943662, 80.1020393192488, 94.4339055164319, 176.550249413146, 146.961194248826, 122.231220657277, 316.773180751174, 528.20165786385, 4.70393192488263, 88.3787411971831, 638.961927816901, 695.32841842723, 348.687353286385, 538.948723591549, 0, 328.244571596244, 0, 0, 1372.05780516432, 294.952684859155, 327.051643192488, 167.155736502347, 118.906910211268, 72.5104900234742, 
0, Eco3226, 16171, 418.55203759817, 1089.03456805392, 540.958382289283, 185.057572197143, 445.012986209882, 0, 0, 0, 206.211551542885, 94.7671139694515, 160.99802114897, 225.546595757838, 484.218972234247, 623.924247109022, 90.7827592604044, 292.855605713932, 589.169562797601, 3.17723084534042, 132.700513264486, 579.877373075258, 1323.95294044895, 416.161832910766, 387.069630820605, 0, 272.815410302393, 0, 0, 979.161338198009, 236.353719621545, 999.666563601509, 129.13635520376, 109.024921155154, 115.386556180818, 
0, Eco3441, 19879, 615.856481714372, 958.980582524272, 253.092409074903, 204.487901805926, 580.653352784345, 0, 0, 0, 98.5389104079682, 85.3325116957594, 239.252527793149, 276.856632627396, 960.438301725439, 1373.19080436642, 72.2904572664621, 291.480859198149, 622.316665828261, 2.97243322098697, 263.941999094522, 454.496101413552, 1548.79661954827, 515.147089893858, 309.268222747623, 0, 200.404799034157, 0, 0, 751.384777906333, 186.784244680316, 2025.4917752402, 124.327883696363, 102.22234518839, 126.223804014286, 
0, Eco4036, 172, 179.255813953488, 594.941860465116, 404.529069767442, 3.91860465116279, 113.133720930233, 0, 0, 0, 35.7151162790698, 40.1511627906977, 23.0232558139535, 37.5116279069767, 97.0232558139535, 6.11046511627907, 189.087209302326, 410.523255813953, 384.43023255814, 3.56395348837209, 45.156976744186, 610.691860465116, 583.796511627907, 80.4127906976744, 371, 0, 444.837209302326, 0, 0, 635.017441860465, 173.941860465116, 68.7383720930233, 41.7558139534884, 29.5406976744186, 17.5, 
0, Eco4064, 5858, 204.18897234551, 693.628030044384, 392.710822806419, 16.1104472516217, 156.309832707409, 0, 0, 0, 98.0471150563332, 38.5944008193923, 22.897575964493, 28.8183680437009, 180.23830658928, 47.1794127688631, 285.66063502902, 727.881358825538, 855.54148173438, 15.9547627176511, 63.5838170023899, 599.968419255719, 578.137760327757, 162.131956299078, 389.990440423353, 0, 456.869067941277, 0, 0, 911.785592352339, 265.877773984295, 187.470638443155, 60.2405257767156, 60.0452372823489, 15.5747695459201, 
0, Eco4072, 1440, 306.6875, 675.599305555556, 1393.32708333333, 53.3888888888889, 187.113194444444, 0, 0, 0, 342.784722222222, 87.0145833333333, 23.9541666666667, 29.2520833333333, 137.747222222222, 37.9034722222222, 160.005555555556, 349.786111111111, 484.402777777778, 4.94027777777778, 87.7694444444444, 696.102777777778, 634.638194444444, 252.575, 257.000694444444, 0, 240.163888888889, 0, 0, 782.338888888889, 130.419444444444, 149.969444444444, 168.111111111111, 112.684027777778, 24.9784722222222, 
0, Eco4078, 8585, 230.953989516599, 745.099126383227, 1723.44076878276, 59.2116482236459, 191.034362259755, 0, 0, 0, 412.217239370996, 76.0814210832848, 21.7237041351194, 27.8177052999418, 116.885497961561, 25.5557367501456, 127.083983692487, 321.804542807222, 530.061036691905, 9.02597553873034, 68.6563774024461, 590.526266744321, 476.810599883518, 221.955037856727, 387.803727431567, 0, 283.295282469423, 0, 0, 1077.80629004077, 197.215259172976, 137.333372160745, 251.652533488643, 112.011764705882, 25.6745486313337, 
0, Eco4083, 5379, 200.056144264733, 818.832124930284, 1382.2574828035, 69.6947387990333, 184.579661647146, 0, 0, 0, 306.425357873211, 78.5952779327013, 28.3816694552891, 27.4999070459193, 145.083658672616, 88.1855363450455, 143.474437627812, 400.803495073434, 622.926008551775, 7.66127532998699, 60.7687302472579, 585.284811303216, 494.7309908905, 239.17252277375, 491.343930098531, 0, 421.579289830824, 0, 0, 1167.30377393568, 234.813534114148, 221.491727086819, 177.593047034765, 126.685257482803, 26.0713887339654, 
0, Eco4090, 8814, 215.182777399592, 765.152371227592, 2000.5032902201, 85.763671431813, 249.687996369412, 0, 0, 0, 431.52881778988, 82.8881325164511, 21.3420694349898, 28.8287950987066, 149.403108690719, 50.146017699115, 96.0198547764919, 219.811322895394, 452.393238030406, 4.72895393691854, 91.568413886998, 705.126162922623, 554.579078738371, 258.543453596551, 378.416042659405, 0, 331.979124120717, 0, 0, 1047.89301111867, 186.394599500794, 169.235647832993, 343.361243476288, 108.349444066258, 31.331404583617, 
0, Eco4102, 1170, 476.669230769231, 804.168376068376, 2646.91623931624, 88.6188034188034, 261.775213675214, 0, 0, 0, 725.335897435897, 117.084615384615, 42.9068376068376, 40.5376068376068, 199.521367521368, 57.282905982906, 24.2632478632479, 110.864102564103, 402.918803418803, 0.672649572649573, 85.6068376068376, 524.547863247863, 512.561538461538, 319.048717948718, 131.828205128205, 0, 179.567521367521, 0, 0, 884.558974358974, 84.8, 186.911965811966, 342.873504273504, 198.631623931624, 35.2264957264957, 
0, Eco4133, 1827, 355.124794745484, 854.515051997811, 2953.14395183361, 142.28297755884, 319.038314176245, 0, 0, 0, 710.412698412698, 121.91899288451, 40.9233716475096, 36.4176245210728, 171.331143951834, 86.3130815544609, 36.9945265462507, 172.285166940339, 422.977558839628, 3.26491516146689, 64.2287903667214, 573.44280240832, 457.995621237001, 349.297755883963, 261.568691844554, 0, 229.529830322934, 0, 0, 890.583470169677, 121.154351395731, 314.161466885605, 472.03886152162, 155.852764094143, 41.6704980842912, 
0, Eco4226, 1350, 500.522222222222, 815.668148148148, 998.362222222222, 74.162962962963, 540.995555555556, 0, 0, 0, 271.282962962963, 103.180740740741, 82.4933333333333, 66.0044444444444, 639.572592592593, 648.211851851852, 83.7496296296296, 321.646666666667, 613.401481481481, 4.69259259259259, 133.446666666667, 799.96962962963, 897.195555555556, 340.673333333333, 434.588148148148, 0, 309.134074074074, 0, 0, 1263.27185185185, 257.838518518519, 1311.93111111111, 211.822962962963, 75.4607407407407, 38.937037037037, 
0, Eco4441, 1535, 1014.06188925081, 747.457328990228, 260.525081433225, 53.0729641693811, 910.061889250814, 0, 0, 0, 81.1179153094463, 90.3752442996743, 166.753745928339, 66.7100977198697, 1444.60456026059, 2113.48534201954, 86.5628664495114, 272.337459283388, 801.090553745928, 5.23648208469055, 400.062540716612, 473.88664495114, 1238.37263843648, 237.616286644951, 95.613680781759, 0, 201.714006514658, 0, 0, 520.891856677524, 101.910749185668, 3222.90618892508, 42.028013029316, 85.5693811074919, 32.3941368078176, 
0, Eco5036, 5365, 216.930661696179, 670.9064305685, 649.875116495806, 33.025908667288, 163.625349487418, 0, 0, 0, 141.880149114632, 65.0479030754893, 34.9602982292637, 45.2712022367195, 117.303261882572, 74.7187325256291, 142.373159366263, 363.572972972973, 534.09450139795, 6.92115563839702, 70.6024231127679, 574.086113699907, 597.120037278658, 140.609133271202, 313.019384902144, 0, 223.511276794035, 0, 0, 823.859832246039, 162.762348555452, 209.025535880708, 77.5770736253495, 55.8926374650513, 26.7513513513514, 
0, Eco5064, 17414, 192.040312392328, 729.310841851384, 740.345584012863, 38.3075111978868, 163.766739405076, 0, 0, 0, 177.822499138624, 55.539336166303, 34.4633628115309, 40.2429080050534, 141.65309521075, 70.8932468129092, 328.337085103939, 863.652348684966, 918.228034914437, 18.414149534857, 58.2568048696451, 541.851671069255, 556.764155277363, 203.590903870449, 399.628632135064, 0, 320.175490984266, 0, 0, 817.40318134834, 239.960261858275, 187.537613414494, 97.9364878833123, 67.9497530722407, 29.0504192029402, 
0, Eco5072, 22086, 227.93747170153, 706.751290410215, 1614.22462193245, 73.7988318391741, 190.586706510912, 0, 0, 0, 342.074662682242, 84.0456850493525, 37.1099791723264, 41.2480757040659, 152.427420085122, 73.2901838268586, 217.197138458752, 539.492981979535, 624.169292764647, 12.3613148600924, 74.8425699538169, 647.627818527574, 630.788644390111, 259.52571764919, 221.552748347369, 0, 212.598388119171, 0, 0, 711.471248754867, 139.993661142805, 202.519514624649, 189.481073983519, 126.789776328896, 34.0932717558634, 
0, Eco5078, 5818, 271.921966311447, 826.61309728429, 947.000859401856, 66.3901684427638, 209.83516672396, 0, 0, 0, 236.799931247852, 71.7982124441389, 75.3585424544517, 76.2406325197662, 177.064798899966, 119.436576143004, 139.218116191131, 352.589721553799, 552.667927122723, 4.9118253695428, 93.4948435888622, 674.495531110347, 736.413716053627, 224.062048814025, 332.926091440358, 0, 251.227225850808, 0, 0, 900.70299071846, 204.017359917497, 314.745101409419, 130.524063251977, 74.2844620144379, 51.7057408044001, 
0, Eco5083, 16741, 192.310017322741, 749.735917806583, 1446.51424646078, 53.3548175138881, 185.079923541007, 0, 0, 0, 363.085598231886, 70.7758795770862, 24.7720566274416, 36.4709396093423, 139.576608326862, 77.4996117316767, 242.86022340362, 592.163490830894, 648.705692610955, 11.786751090138, 65.1783644943552, 611.523624634132, 528.278716922526, 272.580431276507, 378.275312107998, 0, 275.455349142823, 0, 0, 935.396212890508, 200.861836210501, 156.347291081775, 171.639686995998, 119.219819604564, 34.2350516695538, 
0, Eco5090, 9068, 323.501213056903, 773.495258050287, 1098.95666078518, 70.2203352448169, 228.834803705337, 0, 0, 0, 280.019519188355, 97.6740185266872, 47.7329069254521, 56.7234230260256, 184.541795324217, 59.3088883987649, 121.77492280547, 347.395125716806, 563.012571680635, 5.25231583590648, 116.709417732686, 763.670489633877, 842.198610498456, 243.486546096162, 325.088442876048, 0, 219.766321129246, 0, 0, 1093.48985443317, 179.024371415968, 262.030326422585, 132.566166740185, 106.106638729599, 42.5474194971328, 
0, Eco5102, 6144, 282.7021484375, 806.276041666667, 1297.96891276042, 90.2646484375, 254.74658203125, 0, 0, 0, 351.9580078125, 84.11767578125, 83.97021484375, 73.43359375, 265.048014322917, 107.62353515625, 113.469889322917, 342.353678385417, 535.58984375, 8.80533854166667, 95.1097005208333, 630.384440104167, 688.353515625, 264.718424479167, 348.557779947917, 0, 216.888509114583, 0, 0, 948.9951171875, 179.2548828125, 340.720703125, 198.38232421875, 94.3611653645833, 51.6858723958333, 
0, Eco5133, 6362, 283.513203395159, 758.792518076077, 1560.08173530336, 87.0135177617101, 250.055957246149, 0, 0, 0, 489.832285444829, 90.8772398616787, 60.7214712354605, 60.92470921094, 238.2697265011, 168.81468091795, 145.498742533794, 401.438698522477, 644.686733731531, 5.93445457403332, 84.5917950330085, 623.339358692235, 632.33149952845, 352.473907576234, 273.798176674002, 0, 240.991354919837, 0, 0, 914.024206224458, 157.304778371581, 401.656868909148, 209.396259038038, 138.373624646338, 50.3968877711412, 
0, Eco5226, 9544, 482.611483654652, 851.235959765298, 659.99077954736, 138.346919530595, 449.798302598491, 0, 0, 0, 242.202745180218, 101.661253143336, 157.453478625314, 158.746961441744, 437.071248952221, 447.929274937133, 114.990465213747, 330.860226320201, 666.198239731769, 4.98019698239732, 151.366512992456, 782.632544006706, 1256.44341994971, 356.204840737636, 328.594614417435, 0, 225.470033528919, 0, 0, 981.495180217938, 195.656538139145, 930.479987426655, 130.814333612741, 85.2794425817267, 88.4326278290025, 
0, Eco5441, 12230, 639.434423548651, 742.084219133279, 337.760997547016, 204.684382665576, 569.971954210957, 0, 0, 0, 135.763532297629, 77.6982011447261, 260.081847914963, 188.144644317253, 1047.46696647588, 1291.81962387572, 87.5690923957482, 316.897874080131, 673.043908421913, 4.54742436631235, 259.303352412101, 543.349059689289, 1546.33695829926, 415.453393295176, 248.437367130008, 0, 200.004251839738, 0, 0, 731.754538021259, 193.842681929681, 2332.91152902698, 123.589206868356, 93.2608340147179, 93.362551103843, 
0, Eco6036, 1953, 144.092677931388, 663.798259088582, 589.660010240655, 21.252432155658, 131.540194572453, 0, 0, 0, 103.241167434716, 37.5714285714286, 20.1766513056836, 29.4807987711214, 138.274449564772, 42.4464925755248, 193.346646185356, 406.858166922683, 543.835125448029, 9.83358934971838, 44.3343573988735, 485.502816180236, 485.143881208397, 163.797747055812, 384.496159754224, 0, 238.844854070661, 0, 0, 709.191500256016, 231.717357910906, 128.651305683564, 50.9539170506912, 40.9144905273938, 18.4009216589862, 
0, Eco6064, 19530, 130.529544290835, 568.434152585765, 490.992933947773, 20.57910906298, 103.863492063492, 0, 0, 0, 116.907168458781, 33.7609318996416, 14.7973886328725, 18.9929339477727, 108.965898617512, 48.1874039938556, 791.322375832053, 1027.00773169483, 739.000204813108, 35.4859703020993, 39.8718894009217, 409.405017921147, 403.941833077317, 212.876292882745, 368.603686635945, 0, 360.043266769073, 0, 0, 717.27962109575, 261.486533538146, 86.221044546851, 62.2645673323093, 43.5167946748592, 13.4023041474654, 
0, Eco6072, 3503, 214.23065943477, 688.59663145875, 1256.9426206109, 44.5392520696546, 169.355980588067, 0, 0, 0, 310.505566657151, 64.3676848415644, 22.6454467599201, 32.8815301170425, 170.506137596346, 75.1333143020268, 236.419640308307, 572.219240650871, 552.206109049386, 20.5309734513274, 84.5857836140451, 597.379960034256, 572.092777619184, 244.337996003426, 315.696260348273, 0, 201.53868113046, 0, 0, 862.739366257494, 183.668284327719, 173.395089922923, 154.874393377105, 121.721096203254, 29.5024264915786, 
0, Eco6078, 14236, 204.657417813993, 729.555352627142, 1604.5004214667, 63.3736302332116, 144.638592301208, 0, 0, 0, 371.734335487496, 77.5247260466423, 21.6468811463894, 26.2277325091318, 110.316732228154, 49.9590474852487, 210.828041584715, 476.662334925541, 569.374613655521, 12.1511660578814, 48.8129390278168, 490.98363304299, 433.580921607193, 244.443312728294, 462.21733633043, 0, 290.402851924698, 0, 0, 1086.27346164653, 241.91226468109, 113.616816521495, 201.071368361899, 114.450337173363, 24.9270160157348, 
0, Eco6083, 15891, 217.449877289032, 730.378956642124, 2010.45440815556, 86.7415518217859, 180.327480964068, 0, 0, 0, 446.386445157636, 93.2006796299792, 30.5550940784092, 27.7170725567932, 149.260021395759, 119.587061858914, 205.208168145491, 456.147190233465, 545.610534264678, 12.8053615253917, 47.9598514882638, 495.025297338116, 434.595431376251, 293.933736077025, 253.407715058838, 0, 206.921150336669, 0, 0, 789.005852369266, 135.342898496004, 254.88515511925, 251.481404568624, 176.978604241394, 30.5937952300044, 
0, Eco6090, 11750, 198.315659574468, 738.610127659574, 824.969106382979, 40.1022978723404, 167.107744680851, 0, 0, 0, 192.917872340426, 52.1461276595745, 26.3057021276596, 33.2290212765957, 177.843489361702, 123.101957446809, 367.088936170213, 624.955914893617, 745.230978723404, 18.3588085106383, 59.7459574468085, 579.532425531915, 495.108170212766, 227.03029787234, 613.793021276596, 0, 372.581787234043, 0, 0, 1209.16085106383, 351.518723404255, 229.301957446809, 114.753787234043, 63.476085106383, 19.9429787234043, 
0, Eco6102, 3467, 322.334871646957, 784.163541967119, 2535.85405249495, 94.5820594173637, 218.179405826363, 0, 0, 0, 581.422267089703, 127.278915488895, 39.0972021920969, 32.6440726853187, 154.556100374964, 85.5578309777906, 52.9244303432362, 234.73637150274, 380.315258148255, 6.47389674069801, 59.8269397173349, 496.101817132968, 480.960196134987, 271.25064897606, 254.938563599654, 0, 147.773291029709, 0, 0, 1059.83559273147, 114.454860109605, 214.703201615229, 281.929333717912, 177.278627055091, 35.2477646380156, 
0, Eco6133, 3842, 390.27902134305, 785.203539823009, 1779.76913066111, 93.0340968245705, 248.063248308173, 0, 0, 0, 511.271473191046, 109.202498698594, 49.1965122332119, 47.1215512753774, 237.961998958876, 200.862051015096, 90.3336803748048, 286.09057782405, 555.891723060906, 9.17516918271733, 66.5517959396148, 588.139510671525, 632.290994273816, 311.533836543467, 391.908120770432, 0, 227.917490890161, 0, 0, 1059.72826652785, 169.891462779802, 399.031494013535, 205.488547631442, 169.447162935971, 38.6309213951067, 
0, Eco6226, 3656, 685.642231947484, 692.021881838074, 451.324945295405, 124.871991247265, 642.121717724289, 0, 0, 0, 153.134846827133, 64.2314004376368, 141.831509846827, 96.6556345733042, 930.160010940919, 1759.19830415755, 123.688730853392, 359.778719912473, 950.877461706783, 5.64879649890591, 169.853391684902, 442.957056892779, 871.390043763676, 285.040481400438, 249.978391684902, 0, 169.296498905908, 0, 0, 673.308807439825, 151.750820568928, 2311.55661925602, 91.8889496717724, 83.0199671772429, 54.64852297593, 
0, Eco6441, 4316, 920.944161260426, 559.944624652456, 100.356116774791, 84.6318350324374, 857.970342910102, 0, 0, 0, 34.7717794253939, 44.612140871177, 160.597312326228, 86.8966635773865, 1551.18002780352, 2811.41728452271, 73.4126506024096, 302.091288229842, 860.977988878591, 4.07576459684893, 309.217330861909, 277.856811862836, 1165.1468952734, 221.254402224282, 79.579703429101, 0, 93.2775718257646, 0, 0, 266.968952734013, 54.5940685820204, 3976.43813716404, 38.9360518999073, 91.368860055607, 43.429796107507, 
0, Eco7036, 1102, 114.600725952813, 692.089836660617, 721.441923774955, 35.024500907441, 111.609800362976, 0, 0, 0, 142.904718693285, 48.2186932849365, 23.6642468239564, 29.4764065335753, 102.665154264973, 72.0644283121597, 101.518148820327, 233.297640653358, 393.170598911071, 8.01814882032668, 48.4473684210526, 414.933756805808, 432.365698729583, 150.697822141561, 582.416515426497, 0, 244.991833030853, 0, 0, 1214.53720508167, 306.913793103448, 135.244101633394, 81.4519056261343, 58.1388384754991, 22.8702359346642, 
0, Eco7064, 1986, 203.98136958711, 733.045317220544, 258.9889224572, 16.6767371601208, 182.117824773414, 0, 0, 0, 82.3262839879154, 37.3403826787513, 27.8323262839879, 35.0372608257805, 173.977844914401, 87.3997985901309, 291.388217522659, 788.615810674723, 766.713997985901, 17.7426988922457, 81.4274924471299, 672.788016112789, 638.060422960725, 184.347935548842, 341.621852970796, 0, 316.827291037261, 0, 0, 703.370090634441, 210.802114803625, 187.485901309164, 30.162638469285, 37.7205438066465, 26.7824773413897, 
0, Eco7072, 753, 306.749003984064, 848.297476759628, 184.650730411687, 67.2377158034529, 302.316069057105, 0, 0, 0, 54.3386454183267, 52.2111553784861, 131.980079681275, 90.3227091633466, 458.707835325365, 374.136786188579, 129.124833997344, 371.219123505976, 500.310756972112, 2.30278884462151, 108.35192563081, 485.31208499336, 699.723771580345, 184.28818061089, 283.229747675963, 0, 195.949535192563, 0, 0, 636.705179282868, 220.350597609562, 864.917662682603, 70.464807436919, 46.3598937583001, 68.527224435591, 
0, Eco7078, 1858, 292.395048439182, 902.852529601722, 175.807857911733, 51.018837459634, 266.931108719053, 0, 0, 0, 61.5086114101184, 46.6673842841765, 103.861679224973, 79.3460710441335, 331.489235737352, 324.589343379978, 130.066738428418, 355.9617868676, 555.358988159311, 9.48277717976319, 111.371367061356, 550.361141011841, 790.324004305705, 178.47093649085, 428.693756727664, 0, 291.077502691066, 0, 0, 898.242734122713, 242.560818083961, 661.471474703983, 68.3896663078579, 39.1733046286329, 56.0699677072121, 
0, Eco7083, 5910, 246.389170896785, 720.493401015228, 270.527072758037, 27.9280879864636, 205.423519458545, 0, 0, 0, 73.5441624365482, 43.7766497461929, 49.3054145516074, 46.0379018612521, 327.500169204738, 274.518443316413, 248.510490693739, 644.849069373942, 788.272758037225, 11.7241962774958, 87.7363790186125, 689.062436548223, 742.473434856176, 202.640947546531, 443.743824027073, 0, 312.348900169205, 0, 0, 865.132656514382, 306.789340101523, 483.463620981387, 47.3030456852792, 51.355668358714, 31.0813874788494, 
0, Eco7090, 3331, 222.648453917742, 754.278294806364, 227.091864305014, 33.3341338937256, 184.051335935155, 0, 0, 0, 72.5691984389072, 48.3695586910838, 42.7781447012909, 46.1239867907535, 220.443410387271, 180.911137796458, 177.003002101471, 452.617832482738, 681.613929750826, 5.64395076553587, 75.0015010507355, 646.498348844191, 679.905433803663, 198.192134494146, 816.71810267187, 0, 383.471329930952, 0, 0, 1378.96217352147, 461.081056739718, 407.671870309216, 36.0570399279496, 40.7039927949565, 35.9639747823476, 
0, Eco7102, 1901, 410.845870594424, 950.935297211994, 167.729615991583, 78.3319305628617, 390.468174644924, 0, 0, 0, 32.6422935297212, 57.4755391899001, 151.43345607575, 110.793792740663, 473.504997369805, 701.211993687533, 115.165176223041, 299.490268279853, 450.104681746449, 2.84692267227775, 102.915833771699, 462.496054708048, 806.3287743293, 180.058916359811, 268.236717517096, 0, 187.398737506575, 0, 0, 504.071541294056, 152.88532351394, 1346.51130983693, 98.6317727511836, 63.0789058390321, 71.7680168332457, 
0, Eco7133, 630, 285.139682539683, 898.450793650794, 372.28253968254, 98.3174603174603, 279.888888888889, 0, 0, 0, 146.042857142857, 73.7539682539683, 120.992063492063, 118.363492063492, 387.314285714286, 357.326984126984, 146.225396825397, 283.753968253968, 539.2, 8.1968253968254, 143.425396825397, 460.365079365079, 840.6, 234.75873015873, 473.849206349206, 0, 261.411111111111, 0, 0, 999.030158730159, 257.242857142857, 575.936507936508, 112.449206349206, 65.5031746031746, 66.8349206349206, 
0, Eco7226, 2045, 529.762347188264, 952.141320293399, 216.129095354523, 155.811246943765, 452.609290953545, 0, 0, 0, 66.1041564792176, 77.9486552567237, 201.060146699267, 197.098777506112, 558.98630806846, 632.98533007335, 114.509535452323, 263.769682151589, 490.071393643032, 4.62151589242054, 179.638630806846, 495.837652811736, 1352.4239608802, 370.246943765281, 322.360880195599, 0, 232.762836185819, 0, 0, 675.992665036675, 147.738875305623, 1258.06943765281, 88.4513447432763, 87.2244498777506, 117.917359413203, 
0, Eco7441, 4476, 849.336461126005, 563.569258266309, 57.6394101876676, 109.588918677391, 769.718498659517, 0, 0, 0, 19.114164432529, 23.4206881143878, 191.045576407507, 92.173145665773, 1817.49352100089, 2601.56858802502, 40.3599195710456, 167.919571045576, 878.774575513852, 3.20285969615728, 245.36036639857, 237.567917783735, 1371.40214477212, 200.429177837355, 89.1764968722073, 0, 86.0408847184987, 0, 0, 233.059874888293, 48.6029937444147, 4201.89745308311, 46.8036193029491, 65.5502680965147, 56.5205540661305, 
0, Eco8036, 17977, 160.843633531735, 480.377927351616, 266.023029426489, 17.6067753240251, 146.660399399232, 0, 0, 0, 59.912443678033, 27.8034711019636, 28.8219391444624, 19.5183289759137, 204.651777270957, 244.936140624131, 538.147410580186, 1396.77532402514, 935.08249429827, 42.2511542526562, 44.4589753574011, 273.433498359014, 355.709017077377, 193.517494576403, 197.917060688658, 0, 272.108249429827, 0, 0, 393.369861489681, 142.788563164043, 441.280302608889, 40.6122823607943, 39.6612894253769, 14.3098959781944, 
0, Eco8064, 10918, 195.333211210844, 684.694632716615, 240.938450265616, 25.2436343652684, 166.239695915003, 0, 0, 0, 66.8503388899066, 29.6469133540942, 36.4671185198754, 33.8053672833852, 213.877083714966, 197.153691152226, 619.363253343103, 1509.27523355926, 1167.22174390914, 34.5705257373145, 59.3504304817732, 408.966935336142, 466.053764425719, 201.866917017769, 308.071441655981, 0, 413.784392745924, 0, 0, 713.163033522623, 244.767997801795, 367.075196922513, 44.2668986993955, 41.8681993039018, 18.9268180985529, 
0, Eco8072, 8063, 201.480590350986, 662.180701971971, 252.380255488032, 19.6937864318492, 165.915664144859, 0, 0, 0, 64.3506139154161, 41.9490264169664, 37.9619248418703, 37.7011038075158, 215.679523750465, 135.038943321344, 548.58985489272, 1363.73719459258, 993.14473521022, 54.1478357931291, 86.9558476993675, 504.123403199802, 561.49621728885, 291.172516433089, 363.149572119558, 0, 441.634999379883, 0, 0, 884.545082475505, 274.205382611931, 277.160610194717, 49.9691181942205, 40.2388689073546, 24.6593079498946, 
0, Eco8078, 13638, 218.676638803344, 776.655521337439, 291.552060419416, 19.4348878134624, 178.956958498314, 0, 0, 0, 92.3073031236252, 47.7337586156328, 31.6511951899105, 38.1673265874762, 228.786258982255, 115.871975362956, 359.448819474996, 984.434301217187, 897.760228772547, 19.5280832966711, 90.1382167473237, 645.143569438334, 607.647089015985, 185.104780759642, 507.35298430855, 0, 456.3541575011, 0, 0, 1527.79241824314, 348.951605807303, 264.526323507846, 52.3826074204429, 54.656181258249, 22.0202375714914, 
0, Eco8083, 7632, 287.421383647799, 837.612028301887, 262.210953878407, 30.4466719077568, 244.486242138365, 0, 0, 0, 81.0412735849057, 52.2612683438155, 56.5394392033543, 47.1843553459119, 286.656577568134, 293.697982180293, 287.15998427673, 724.066954926625, 739.376179245283, 12.270178197065, 102.17465932914, 641.561451781971, 672.44640985325, 161.172038784067, 477.588836477987, 0, 349.225235849057, 0, 0, 1486.51506813417, 307.281970649895, 576.899502096436, 62.7714884696017, 54.3106656184486, 30.2243186582809, 
0, Eco8090, 6986, 344.704981391354, 1054.07787002577, 266.774692241626, 65.1527340395076, 298.579301460063, 0, 0, 0, 69.669195533925, 64.4563412539364, 106.017749785285, 88.4888348124821, 327.461923847695, 277.020612653879, 188.520469510449, 599.943601488692, 667.327369023762, 8.53149155453765, 143.647724019468, 673.195963355282, 867.779272831377, 185.939879759519, 329.089894073862, 0, 293.112510735757, 0, 0, 1231.95834526195, 220.251503006012, 620.576724878328, 100.958774692242, 67.4238476953908, 54.6275407958775, 
0, Eco8102, 26798, 300.491230688857, 921.140756772893, 302.619374580193, 42.9617135607135, 258.115381744906, 0, 0, 0, 107.856966937831, 69.3834987685648, 69.674229420106, 65.348048361818, 293.099820882155, 266.892865139189, 169.525001865811, 511.490260467199, 670.289573848795, 7.43219643256959, 110.41928502127, 697.645645197403, 746.779237256512, 167.615531009777, 609.182550936637, 0, 351.502798716322, 0, 0, 1908.78334204045, 331.243115157848, 556.096313157698, 83.5571311291887, 64.7271065004851, 41.0787372191955, 
0, Eco8133, 23312, 373.102479409746, 877.055250514756, 335.82867192862, 58.6724433768016, 327.677419354839, 0, 0, 0, 130.501115305422, 76.9051132463967, 84.8672357584077, 77.4829272477694, 395.539078586136, 391.130576527111, 178.816875428964, 534.404469800961, 728.107198009609, 7.9218857240906, 130.755362045299, 758.512525737817, 872.991635209334, 202.072623541524, 528.791823953329, 0, 319.169998284145, 0, 0, 1689.23743136582, 290.903697666438, 735.363246396706, 96.1951784488675, 70.0417810569664, 47.4282343857241, 
0, Eco8226, 21104, 523.706785443518, 797.397128506444, 254.244266489765, 107.47796626232, 502.00180060652, 0, 0, 0, 126.829890068234, 75.5799374526156, 148.040513646702, 123.517058377559, 675.71199772555, 813.182524639879, 195.498578468537, 568.776061410159, 817.202994692949, 10.1063305534496, 175.847896133434, 717.609221000758, 1105.2338419257, 276.258339651251, 473.047005307051, 0, 328.534495830174, 0, 0, 1322.91570318423, 243.974696739955, 1395.69882486732, 94.6096474601971, 70.7717020470053, 65.1886372251706, 
0, Eco8441, 14858, 832.942455242967, 610.261811818549, 84.3958137030556, 118.658904293983, 778.012787723785, 0, 0, 0, 23.3539507336115, 49.9186969982501, 186.767532642348, 103.767128819491, 1558.90752456589, 2382.66159644636, 118.92313904967, 392.491519720016, 966.540651500875, 5.03843047516489, 319.433571140127, 317.111993538834, 1212.46924215911, 255.219881545295, 125.883766321174, 0, 161.314443397496, 0, 0, 381.294992596581, 106.538901601831, 3820.89884237448, 59.8295867546103, 95.7229102167183, 56.9636559429264, 
0, Eco9036, 1765, 215.681586402266, 705.867988668555, 634.428328611898, 103.219263456091, 240.178470254958, 0, 0, 0, 147.870821529745, 56.7733711048159, 61.3563739376771, 62.1892351274788, 196.253824362606, 265.476487252125, 157.768838526912, 373.760339943343, 487.728611898017, 8.65609065155807, 66.0379603399433, 594.228328611898, 673.468555240793, 172.050991501416, 135.828895184136, 0, 220.290651558074, 0, 0, 445.109915014164, 109.478753541076, 607.356940509915, 97.3818696883853, 69.8844192634561, 35.1484419263456, 
0, Eco9064, 1412, 334.626062322946, 809.650141643059, 554.015580736544, 91.2974504249292, 329.702549575071, 0, 0, 0, 131.178470254958, 87.6203966005666, 124.38597733711, 101.678470254958, 297.278328611898, 350.604107648725, 139.679886685552, 408.441218130312, 519.944050991501, 8.20325779036827, 120.17209631728, 673.570113314448, 872.157932011331, 225.580028328612, 195.489376770538, 0, 144.077195467422, 0, 0, 497.237960339943, 105.118980169972, 852.31657223796, 112.046033994334, 102.798866855524, 53.2995750708215, 
0, Eco9072, 987, 376.782168186424, 909.637284701114, 1219.16919959473, 316.12968591692, 316.629179331307, 0, 0, 0, 294.490374873354, 101.06484295846, 125.010131712259, 84.3576494427558, 270.584599797366, 274.986828774063, 109.305977710233, 206.589665653495, 370.060790273556, 2.67882472137791, 106.248226950355, 714.488348530902, 844.783181357649, 298.288753799392, 109.926038500507, 0, 101.742654508612, 0, 0, 485.94022289767, 77.7841945288754, 848.191489361702, 207.693009118541, 197.297872340426, 75.6504559270517, 
0, Eco9078, 1527, 352.788474132286, 897.927308447937, 654.722331368697, 90.2364112639162, 376.624099541585, 0, 0, 0, 194.633922724296, 81.6548788474132, 143.059593975115, 121.552062868369, 454.681728880157, 520.443352979699, 89.2128356254093, 189.314341846758, 455.749836280288, 3.26850032743942, 141.365422396857, 600.981008513425, 998.481990831696, 230.490504256713, 158.141453831041, 0, 147.072036673215, 0, 0, 443.297314996726, 108.265225933202, 1162.38899803536, 124.911591355599, 103.087753765553, 62.849377865095, 
0, Eco9083, 1367, 379.924652523775, 745.642282370154, 919.250182882224, 212.167520117045, 368.721287490856, 0, 0, 0, 282.967081199707, 68.7754206291148, 103.885149963424, 89.542062911485, 362.811997073884, 773.372348207754, 145.348207754206, 277.38258961229, 611.189465983906, 3.10826627651792, 132.333577176298, 585.038771031456, 772.857351865399, 235.76664228237, 171.318946598391, 0, 129.51426481346, 0, 0, 530.435259692758, 51.6115581565472, 1448.17190929042, 159.25237746891, 120.704462326262, 50.3116313094367, 
0, Eco9090, 502, 460.577689243028, 915.679282868526, 411.659362549801, 142.237051792829, 399.312749003984, 0, 0, 0, 123.440239043825, 96.4083665338645, 152.06374501992, 104.95219123506, 448.830677290837, 536.03187250996, 114.599601593625, 447.322709163347, 493.890438247012, 7.11354581673307, 149.671314741036, 668.994023904383, 1022.47211155378, 222.5796812749, 185.41235059761, 0, 161.46812749004, 0, 0, 499.711155378486, 108.195219123506, 981.416334661355, 133.254980079681, 78.9980079681275, 78.5816733067729, 
0, Eco9102, 3213, 396.211328976035, 939.289137877373, 1147.64643635232, 309.604730781201, 366.368814192344, 0, 0, 0, 300.491129785247, 88.5857454092748, 127.696545284781, 106.721132897603, 365.276377217554, 480.521942110177, 112.609710550887, 305.309056956116, 558.727357609711, 4.31652661064426, 124.222533457828, 624.999066293184, 779.99128540305, 314.18487394958, 160.98661686897, 0, 135.303765950825, 0, 0, 627.009648303766, 57.9950202303143, 1077.8835978836, 202.036414565826, 174.66915655151, 71.2754435107376, 
0, Eco9133, 4533, 459.513567174057, 946.375248180013, 917.841164791529, 250.651886168101, 503.030443414957, 0, 0, 0, 285.222810500772, 93.1105228325612, 172.636002647253, 140.928524156188, 423.027134348114, 726.280608868299, 96.370836090889, 291.142510478712, 521.822634017207, 4.57180675049636, 127.967791749393, 564.003088462387, 950.410544893007, 310.023604676814, 125.690271343481, 0, 124.780057357159, 0, 0, 487.813368630046, 63.2980366203397, 1397.3571586146, 180.748952128833, 170.086697551291, 83.4626075446724, 
0, Eco9226, 1082, 658.060073937153, 735.355822550832, 183.357670979667, 140.866913123845, 732.503696857671, 0, 0, 0, 103.064695009242, 103.316081330869, 219.02865064695, 182.42606284658, 832.599815157116, 1702.9112754159, 96.586876155268, 222.878003696858, 662.019408502773, 4.13863216266174, 218.388170055453, 411.99168207024, 1204.02218114603, 306.229205175601, 189.919593345656, 0, 97.7883548983364, 0, 0, 427.989833641405, 95.5406654343808, 2734.10443622921, 106.097042513863, 127.038817005545, 62.8641404805915, 
0, Eco9441, 1896, 937.365506329114, 679.391877637131, 72.2927215189873, 132.372890295359, 804.17141350211, 0, 0, 0, 36.1028481012658, 79.3755274261603, 235.873945147679, 176.68776371308, 1467.71255274262, 2789.63185654008, 19.4820675105485, 131.075949367089, 537.26635021097, 0, 316.684071729958, 289.755274261603, 1566.9667721519, 298.584388185654, 108.39082278481, 0, 40.1735232067511, 0, 0, 259.628164556962, 53.3148734177215, 4266.55907172996, 81.4736286919831, 106.697784810127, 74.7758438818565, 
